temp_f,relative_humidity_pct,precipitation_in,wind_speed_mph,wind_direction_deg,cloud_cover_pct,shortwave_radiation,direct_normal_irr,diffuse_radiation,rolling_temperature_24h,rolling_wind_speed_24h,rolling_wind_direction_24h,rolling_precipitation_24h,rolling_temperature_72h,rolling_wind_speed_72h,rolling_wind_direction_72h,rolling_precipitation_72h,prior_day_temp,prior_day_wind_speed,prior_day_shortwave_radiation,prior_day_direct_normal_irradiance,prior_day_diffuse_radiation,month,day_number,datetime,datetime_local,predicted_at,raw_preds,target
70.8,94,0.0,16.4,180,88,0.0,0.0,0.0,73.82083333333334,8.624999999999998,180.5,0.1150000000000001,72.46388888888889,5.252777777777778,164.5,0.1150000000000001,71.5,11.9,47.6,65.84,32.2,7,182,2026-07-01 04:00:00,2026-07-01 00:00:00-04:00,2026-07-05 03:40:55.663310+00:00,0.5602516664345991,0.6
71.2,93,0.0,15.3,177,91,0.0,0.0,0.0,73.99166666666666,9.120833333333334,180.5,0.1150000000000001,72.59166666666665,5.451388888888889,166.0,0.1150000000000001,71.5,11.9,47.6,65.84,32.2,7,182,2026-07-01 05:00:00,2026-07-01 01:00:00-04:00,2026-07-05 03:40:55.663310+00:00,0.5538720147416273,0.6
72.1,94,0.0,14.6,176,100,0.0,0.0,0.0,74.27499999999999,9.508333333333333,180.5,0.1150000000000001,72.74722222222222,5.633333333333335,170.5,0.1150000000000001,71.5,11.9,47.6,65.84,32.2,7,182,2026-07-01 06:00:00,2026-07-01 02:00:00-04:00,2026-07-05 03:40:55.663310+00:00,0.5834509658198389,0.6
71.7,93,0.004,9.2,179,100,0.0,0.0,0.0,74.54583333333333,9.716666666666669,180.5,0.1190000000000001,72.90555555555555,5.743055555555556,175.5,0.1190000000000001,71.5,11.9,47.6,65.84,32.2,7,182,2026-07-01 07:00:00,2026-07-01 03:00:00-04:00,2026-07-05 03:40:55.663310+00:00,0.6319545955438035,0.6
70.3,96,0.051,4.8,224,96,0.0,0.0,0.0,74.77083333333333,9.7375,183.0,0.1700000000000001,73.05416666666666,5.791666666666668,176.5,0.1700000000000001,71.5,11.9,47.6,65.84,32.2,7,182,2026-07-01 08:00:00,2026-07-01 04:00:00-04:00,2026-07-05 03:40:55.663310+00:00,0.6139121266207079,0.6
69.7,96,0.063,6.5,129,100,0.0,0.0,0.0,74.97083333333333,9.775,183.0,0.2330000000000001,73.20277777777777,5.868055555555556,176.5,0.2330000000000001,71.5,11.9,47.6,65.84,32.2,7,182,2026-07-01 09:00:00,2026-07-01 05:00:00-04:00,2026-07-05 03:40:55.663310+00:00,0.6297628105927234,0.6
69.7,96,0.067,9.0,160,99,6.0,13.7,5.0,75.13333333333334,9.9,183.0,0.3000000000000001,73.32638888888887,5.972222222222222,176.5,0.3000000000000001,71.5,11.9,47.6,65.84,32.2,7,182,2026-07-01 10:00:00,2026-07-01 06:00:00-04:00,2026-07-05 03:40:55.663310+00:00,0.6896869815088793,0.7
71.1,96,0.0,8.2,173,55,64.0,55.2,53.0,75.19583333333333,9.945833333333333,183.0,0.3000000000000001,73.4111111111111,6.052777777777779,176.5,0.3000000000000001,71.5,11.9,47.6,65.84,32.2,7,182,2026-07-01 11:00:00,2026-07-01 07:00:00-04:00,2026-07-05 03:40:55.663310+00:00,0.7062753067467381,0.7
72.5,97,0.0,7.7,187,54,263.0,397.3,116.0,75.19166666666666,10.025,183.0,0.3000000000000001,73.45416666666667,6.150000000000001,177.0,0.3000000000000001,71.5,11.9,47.6,65.84,32.2,7,182,2026-07-01 12:00:00,2026-07-01 08:00:00-04:00,2026-07-05 03:40:55.663310+00:00,0.7062753067467381,0.7
75.6,91,0.0,7.6,188,73,458.0,670.0,100.0,75.18333333333334,10.008333333333333,183.0,0.3000000000000001,73.50972222222222,6.240277777777778,177.0,0.3000000000000001,71.5,11.9,47.6,65.84,32.2,7,182,2026-07-01 13:00:00,2026-07-01 09:00:00-04:00,2026-07-05 03:40:55.663310+00:00,0.7013708717538701,0.7
78.3,85,0.0,8.0,184,62,618.0,750.4,107.0,75.125,9.9875,182.5,0.3000000000000001,73.57222222222222,6.319444444444445,177.0,0.3000000000000001,71.5,11.9,47.6,65.84,32.2,7,182,2026-07-01 14:00:00,2026-07-01 10:00:00-04:00,2026-07-05 03:40:55.663310+00:00,0.7003774080062719,0.7
80.8,81,0.0,7.4,182,84,761.0,823.8,102.0,75.00416666666666,9.9,181.5,0.3000000000000001,73.64027777777777,6.384722222222223,177.0,0.3000000000000001,71.5,11.9,47.6,65.84,32.2,7,182,2026-07-01 15:00:00,2026-07-01 11:00:00-04:00,2026-07-05 03:40:55.663310+00:00,0.6946867685763254,0.7
83.6,76,0.0,6.5,183,97,822.0,719.0,187.0,74.90833333333333,9.779166666666669,181.5,0.3000000000000001,73.725,6.425000000000001,177.0,0.3000000000000001,71.5,11.9,47.6,65.84,32.2,7,182,2026-07-01 16:00:00,2026-07-01 12:00:00-04:00,2026-07-05 03:40:55.663310+00:00,0.676842951095352,0.7
85.3,73,0.0,6.0,191,99,745.0,426.0,351.0,74.82083333333334,9.641666666666667,181.5,0.3000000000000001,73.81944444444444,6.443055555555556,177.0,0.3000000000000001,71.5,11.9,47.6,65.84,32.2,7,182,2026-07-01 17:00:00,2026-07-01 13:00:00-04:00,2026-07-05 03:40:55.663310+00:00,0.6761972316356919,0.7
88.2,68,0.0,5.4,197,89,666.0,300.4,389.0,74.89166666666667,9.4625,181.5,0.3000000000000001,73.91666666666667,6.434722222222223,177.0,0.3000000000000001,71.5,11.9,47.6,65.84,32.2,7,182,2026-07-01 18:00:00,2026-07-01 14:00:00-04:00,2026-07-05 03:40:55.663310+00:00,0.6761972316356919,0.7
87.4,70,0.0,9.2,203,73,662.0,458.0,261.0,75.08749999999999,9.4625,181.5,0.3000000000000001,74.01388888888889,6.4375,177.0,0.3000000000000001,71.5,11.9,47.6,65.84,32.2,7,182,2026-07-01 19:00:00,2026-07-01 15:00:00-04:00,2026-07-05 03:40:55.663310+00:00,0.6972015303718836,0.7
88.3,71,0.0,7.9,194,89,671.0,633.4,172.0,75.65416666666665,9.5,181.5,0.2370000000000001,74.13055555555555,6.4222222222222225,177.0,0.3000000000000001,71.5,11.9,47.6,65.84,32.2,7,182,2026-07-01 20:00:00,2026-07-01 16:00:00-04:00,2026-07-05 03:40:55.663310+00:00,0.6793577128909102,0.7
88.1,70,0.0,8.0,192,96,589.0,705.1,120.0,76.2,9.558333333333334,182.5,0.2170000000000002,74.2513888888889,6.423611111111112,178.0,0.3000000000000001,71.5,11.9,47.6,65.84,32.2,7,182,2026-07-01 21:00:00,2026-07-01 17:00:00-04:00,2026-07-05 03:40:55.663310+00:00,0.6768468414855559,0.7
87.1,74,0.0,10.4,168,95,400.0,496.2,144.0,76.6375,9.483333333333333,181.5,0.2170000000000002,74.3722222222222,6.481944444444445,178.0,0.3000000000000001,71.5,11.9,47.6,65.84,32.2,7,182,2026-07-01 22:00:00,2026-07-01 18:00:00-04:00,2026-07-05 03:40:55.663310+00:00,0.6774925609452159,0.7
84.5,79,0.0,9.7,193,92,216.0,239.9,132.0,77.06666666666666,9.354166666666666,181.5,0.2170000000000002,74.47638888888888,6.545833333333334,179.5,0.3000000000000001,71.5,11.9,47.6,65.84,32.2,7,182,2026-07-01 23:00:00,2026-07-01 19:00:00-04:00,2026-07-05 03:40:55.663310+00:00,0.6768468414855559,0.7
82.1,85,0.0,2.7,192,98,84.0,133.9,60.0,77.5125,9.020833333333332,182.5,0.1930000000000001,74.56666666666666,6.53888888888889,180.5,0.3000000000000001,71.5,11.9,47.6,65.84,32.2,7,182,2026-07-02 00:00:00,2026-07-01 20:00:00-04:00,2026-07-05 03:40:55.663310+00:00,0.6838995742862627,0.7
80.4,88,0.0,0.8,8,99,7.0,0.0,7.0,77.89999999999999,8.6,182.5,0.1930000000000001,74.68194444444444,6.500000000000001,180.5,0.3000000000000001,71.5,11.9,47.6,65.84,32.2,7,182,2026-07-02 01:00:00,2026-07-01 21:00:00-04:00,2026-07-05 03:40:55.663310+00:00,0.6858371866914171,0.7
79.2,85,0.004,3.4,289,75,0.0,0.0,0.0,78.27916666666667,8.270833333333334,183.5,0.1890000000000001,74.81249999999999,6.5166666666666675,181.5,0.3040000000000001,71.5,11.9,47.6,65.84,32.2,7,182,2026-07-02 02:00:00,2026-07-01 22:00:00-04:00,2026-07-05 03:40:55.663310+00:00,0.6878043922698472,0.7
79.8,77,0.004,2.2,183,62,0.0,0.0,0.0,78.65833333333333,7.787499999999999,183.5,0.1930000000000001,74.97638888888888,6.530555555555556,182.5,0.3080000000000001,71.5,11.9,47.6,65.84,32.2,7,182,2026-07-02 03:00:00,2026-07-01 23:00:00-04:00,2026-07-05 03:40:55.663310+00:00,0.6935903067187179,0.7
78.1,82,0.0,5.0,160,58,0.0,0.0,0.0,78.96249999999999,7.3125,183.5,0.1930000000000001,75.13194444444444,6.5888888888888895,182.5,0.3080000000000001,78.65833333333333,7.7875,293.0,284.2625,96.08333333333331,7,183,2026-07-02 04:00:00,2026-07-02 00:00:00-04:00,2026-07-05 03:40:55.663310+00:00,0.8589733608574719,0.9
76.9,86,0.0,7.6,196,34,0.0,0.0,0.0,79.2,6.991666666666666,185.5,0.1930000000000001,75.27361111111111,6.683333333333334,183.0,0.3080000000000001,78.65833333333333,7.7875,293.0,284.2625,96.08333333333331,7,183,2026-07-02 05:00:00,2026-07-02 01:00:00-04:00,2026-07-05 03:40:55.663310+00:00,0.8573933651243909,0.9
73.6,89,0.0,11.4,194,21,0.0,0.0,0.0,79.2625,6.858333333333333,187.5,0.1930000000000001,75.39027777777778,6.8291666666666675,183.5,0.3080000000000001,78.65833333333333,7.7875,293.0,284.2625,96.08333333333331,7,183,2026-07-02 06:00:00,2026-07-02 02:00:00-04:00,2026-07-05 03:40:55.663310+00:00,0.8573933651243909,0.9
73.3,88,0.0,9.7,195,31,0.0,0.0,0.0,79.32916666666667,6.879166666666666,189.5,0.1890000000000001,75.51111111111112,6.952777777777778,184.5,0.3080000000000001,78.65833333333333,7.7875,293.0,284.2625,96.08333333333331,7,183,2026-07-02 07:00:00,2026-07-02 03:00:00-04:00,2026-07-05 03:40:55.663310+00:00,0.7692822092887961,0.8
72.6,88,0.0,7.1,194,2,0.0,0.0,0.0,79.425,6.9750000000000005,189.5,0.1380000000000001,75.64305555555555,7.029166666666668,185.0,0.3080000000000001,78.65833333333333,7.7875,293.0,284.2625,96.08333333333331,7,183,2026-07-02 08:00:00,2026-07-02 04:00:00-04:00,2026-07-05 03:40:55.663310+00:00,0.770216485562217,0.8
72.0,90,0.0,6.4,197,16,0.0,0.0,0.0,79.52083333333333,6.970833333333334,191.5,0.0750000000000001,75.77222222222221,7.095833333333334,186.0,0.3080000000000001,78.65833333333333,7.7875,293.0,284.2625,96.08333333333331,7,183,2026-07-02 09:00:00,2026-07-02 05:00:00-04:00,2026-07-05 03:40:55.663310+00:00,0.6656167469166154,0.7
71.9,91,0.0,6.8,191,48,19.0,111.0,11.0,79.6125,6.879166666666666,191.5,0.0080000000000001,75.89027777777778,7.1625000000000005,187.5,0.3080000000000001,78.65833333333333,7.7875,293.0,284.2625,96.08333333333331,7,183,2026-07-02 10:00:00,2026-07-02 06:00:00-04:00,2026-07-05 03:40:55.663310+00:00,0.6708852452504207,0.7
73.1,90,0.0,6.7,194,61,95.0,212.3,53.0,79.69583333333334,6.816666666666666,192.0,0.0080000000000001,75.99166666666666,7.2041666666666675,187.5,0.3080000000000001,78.65833333333333,7.7875,293.0,284.2625,96.08333333333331,7,183,2026-07-02 11:00:00,2026-07-02 07:00:00-04:00,2026-07-05 03:40:55.663310+00:00,0.6693470316742167,0.7
75.2,92,0.0,6.2,199,12,209.0,303.8,97.0,79.80833333333334,6.754166666666666,192.5,0.0080000000000001,76.10833333333332,7.230555555555556,187.5,0.3080000000000001,78.65833333333333,7.7875,293.0,284.2625,96.08333333333331,7,183,2026-07-02 12:00:00,2026-07-02 08:00:00-04:00,2026-07-05 03:40:55.663310+00:00,0.6758348910995559,0.7
77.2,88,0.0,5.9,204,5,445.0,660.2,93.0,79.875,6.683333333333334,193.5,0.0080000000000001,76.21666666666667,7.256944444444445,187.5,0.3080000000000001,78.65833333333333,7.7875,293.0,284.2625,96.08333333333331,7,183,2026-07-02 13:00:00,2026-07-02 09:00:00-04:00,2026-07-05 03:40:55.663310+00:00,0.6704508532149661,0.7
80.2,81,0.0,6.4,190,8,612.0,753.0,100.0,79.95416666666667,6.616666666666667,193.5,0.0080000000000001,76.32916666666667,7.283333333333335,187.5,0.3080000000000001,78.65833333333333,7.7875,293.0,284.2625,96.08333333333331,7,183,2026-07-02 14:00:00,2026-07-02 10:00:00-04:00,2026-07-05 03:40:55.663310+00:00,0.8262429544404253,0.8
82.9,71,0.0,6.5,191,2,740.0,780.9,116.0,80.04166666666667,6.579166666666667,193.5,0.0080000000000001,76.44166666666666,7.302777777777779,187.5,0.3080000000000001,78.65833333333333,7.7875,293.0,284.2625,96.08333333333331,7,183,2026-07-02 15:00:00,2026-07-02 11:00:00-04:00,2026-07-05 03:40:55.663310+00:00,0.8262429544404253,0.8
85.1,68,0.0,7.3,176,2,829.0,812.5,112.0,80.10416666666667,6.6125,193.5,0.0080000000000001,76.55277777777778,7.323611111111112,186.0,0.3080000000000001,78.65833333333333,7.7875,293.0,284.2625,96.08333333333331,7,183,2026-07-02 16:00:00,2026-07-02 12:00:00-04:00,2026-07-05 03:40:55.663310+00:00,0.8268886739000854,0.8
86.7,67,0.0,7.5,172,2,876.0,826.6,112.0,80.1625,6.675,193.5,0.0080000000000001,76.66388888888889,7.336111111111112,185.0,0.3080000000000001,78.65833333333333,7.7875,293.0,284.2625,96.08333333333331,7,183,2026-07-02 17:00:00,2026-07-02 13:00:00-04:00,2026-07-05 03:40:55.663310+00:00,0.8500881437458425,0.9
88.0,65,0.0,8.0,175,29,869.0,820.1,113.0,80.15416666666667,6.783333333333332,192.5,0.0080000000000001,76.75833333333333,7.355555555555556,184.5,0.3080000000000001,78.65833333333333,7.7875,293.0,284.2625,96.08333333333331,7,183,2026-07-02 18:00:00,2026-07-02 14:00:00-04:00,2026-07-05 03:40:55.663310+00:00,0.8500881437458425,0.9
88.3,64,0.008,8.0,165,16,770.0,698.1,159.0,80.19166666666666,6.733333333333333,192.0,0.0160000000000001,76.84861111111111,7.387500000000001,183.5,0.3160000000000001,78.65833333333333,7.7875,293.0,284.2625,96.08333333333331,7,183,2026-07-02 19:00:00,2026-07-02 15:00:00-04:00,2026-07-05 03:40:55.663310+00:00,0.8684548599943847,0.9
88.9,63,0.004,7.5,166,18,694.0,709.7,135.0,80.21666666666667,6.716666666666666,191.5,0.0200000000000001,76.9375,7.4319444444444445,183.0,0.3200000000000001,78.65833333333333,7.7875,293.0,284.2625,96.08333333333331,7,183,2026-07-02 20:00:00,2026-07-02 16:00:00-04:00,2026-07-05 03:40:55.663310+00:00,0.8686973760014294,0.9
87.7,66,0.004,9.4,177,31,571.0,703.8,103.0,80.2,6.7749999999999995,191.0,0.0240000000000001,77.00277777777778,7.506944444444445,182.5,0.3240000000000001,78.65833333333333,7.7875,293.0,284.2625,96.08333333333331,7,183,2026-07-02 21:00:00,2026-07-02 17:00:00-04:00,2026-07-05 03:40:55.663310+00:00,0.8686973760014294,0.9
87.1,70,0.008,5.8,185,6,435.0,676.8,86.0,80.2,6.583333333333333,191.0,0.0320000000000001,77.06388888888888,7.509722222222223,183.0,0.3320000000000001,78.65833333333333,7.7875,293.0,284.2625,96.08333333333331,7,183,2026-07-02 22:00:00,2026-07-02 18:00:00-04:00,2026-07-05 03:40:55.663310+00:00,0.8696316522748503,0.9
85.6,76,0.0,5.6,187,16,249.0,508.9,71.0,80.24583333333334,6.4125000000000005,190.5,0.0320000000000001,77.12083333333334,7.5055555555555555,183.5,0.3320000000000001,78.65833333333333,7.7875,293.0,284.2625,96.08333333333331,7,183,2026-07-02 23:00:00,2026-07-02 19:00:00-04:00,2026-07-05 03:40:55.663310+00:00,0.8707263762886785,0.9
81.1,64,0.0,2.8,252,0,0.0,0.0,0.0,81.1,2.8,252.0,0.0,81.1,2.8,252.0,0.0,78.65833333333333,7.7875,293.0,284.2625,96.08333333333331,7,183,2026-07-03 00:00:00,2026-07-02 20:00:00-04:00,2026-07-05 03:40:55.663310+00:00,0.0111970188602228,0.0
78.6,74,0.0,1.4,198,0,0.0,0.0,0.0,79.85,2.0999999999999996,225.0,0.0,79.85,2.0999999999999996,225.0,0.0,78.65833333333333,7.7875,293.0,284.2625,96.08333333333331,7,183,2026-07-03 01:00:00,2026-07-02 21:00:00-04:00,2026-07-05 03:40:55.663310+00:00,0.5518435078057244,0.6
77.6,73,0.0,2.6,211,0,0.0,0.0,0.0,79.1,2.2666666666666666,211.0,0.0,79.1,2.2666666666666666,211.0,0.0,78.65833333333333,7.7875,293.0,284.2625,96.08333333333331,7,183,2026-07-03 02:00:00,2026-07-02 22:00:00-04:00,2026-07-05 03:40:55.663310+00:00,0.5925267232799402,0.6
76.7,74,0.0,2.7,189,0,0.0,0.0,0.0,78.5,2.375,204.5,0.0,78.5,2.375,204.5,0.0,78.65833333333333,7.7875,293.0,284.2625,96.08333333333331,7,183,2026-07-03 03:00:00,2026-07-02 23:00:00-04:00,2026-07-05 03:40:55.663310+00:00,0.5911122888717851,0.6
76.1,75,0.0,4.4,221,0,0.0,0.0,0.0,78.02,2.78,211.0,0.0,78.02,2.78,211.0,0.0,80.22500000000001,6.695833333333333,313.9166666666667,374.50416666666666,59.0,7,184,2026-07-03 04:00:00,2026-07-03 00:00:00-04:00,2026-07-05 03:40:55.663310+00:00,-0.0218196925069932,-0.0
75.8,72,0.0,2.7,189,0,0.0,0.0,0.0,77.64999999999999,2.766666666666667,204.5,0.0,77.64999999999999,2.766666666666667,204.5,0.0,80.22500000000001,6.695833333333333,313.9166666666667,374.50416666666666,59.0,7,184,2026-07-03 05:00:00,2026-07-03 01:00:00-04:00,2026-07-05 03:40:55.663310+00:00,-0.0304164359760696,-0.0
75.0,74,0.0,3.9,211,0,21.0,70.2,16.0,77.27142857142857,2.9285714285714284,211.0,0.0,77.27142857142857,2.9285714285714284,211.0,0.0,80.22500000000001,6.695833333333333,313.9166666666667,374.50416666666666,59.0,7,184,2026-07-03 06:00:00,2026-07-03 02:00:00-04:00,2026-07-05 03:40:55.663310+00:00,-0.0313044404717633,-0.0
76.8,72,0.0,4.6,241,0,150.0,474.4,57.0,77.21249999999999,3.1375,211.0,0.0,77.21249999999999,3.1375,211.0,0.0,80.22500000000001,6.695833333333333,313.9166666666667,374.50416666666666,59.0,7,184,2026-07-03 07:00:00,2026-07-03 03:00:00-04:00,2026-07-05 03:40:55.663310+00:00,-0.0314119518251847,-0.0
78.7,69,0.0,4.1,241,0,320.0,634.9,87.0,77.37777777777778,3.2444444444444445,211.0,0.0,77.37777777777778,3.2444444444444445,211.0,0.0,80.22500000000001,6.695833333333333,313.9166666666667,374.50416666666666,59.0,7,184,2026-07-03 08:00:00,2026-07-03 04:00:00-04:00,2026-07-05 03:40:55.663310+00:00,-0.0314119518251847,-0.0
80.9,63,0.0,5.9,233,38,494.0,726.2,108.0,77.72999999999999,3.51,216.0,0.0,77.72999999999999,3.51,216.0,0.0,80.22500000000001,6.695833333333333,313.9166666666667,374.50416666666666,59.0,7,184,2026-07-03 09:00:00,2026-07-03 05:00:00-04:00,2026-07-05 03:40:55.663310+00:00,-0.0323247984336208,-0.0
83.0,59,0.0,6.3,222,0,657.0,772.3,133.0,78.2090909090909,3.763636363636364,221.0,0.0,78.2090909090909,3.763636363636364,221.0,0.0,80.22500000000001,6.695833333333333,313.9166666666667,374.50416666666666,59.0,7,184,2026-07-03 10:00:00,2026-07-03 06:00:00-04:00,2026-07-05 03:40:55.663310+00:00,-0.029380347353376,-0.0
84.9,60,0.0,5.4,222,0,790.0,818.4,137.0,78.76666666666667,3.9,221.5,0.0,78.76666666666667,3.9,221.5,0.0,80.22500000000001,6.695833333333333,313.9166666666667,374.50416666666666,59.0,7,184,2026-07-03 11:00:00,2026-07-03 07:00:00-04:00,2026-07-05 03:40:55.663310+00:00,-0.029380347353376,-0.0
88.7,48,0.0,6.9,234,0,877.0,828.2,147.0,79.53076923076924,4.130769230769231,222.0,0.0,79.53076923076924,4.130769230769231,222.0,0.0,80.22500000000001,6.695833333333333,313.9166666666667,374.50416666666666,59.0,7,184,2026-07-03 12:00:00,2026-07-03 08:00:00-04:00,2026-07-05 03:40:55.663310+00:00,-0.0028100637692716,-0.0
88.5,53,0.0,3.0,228,0,921.0,832.6,152.0,80.17142857142858,4.05,222.0,0.0,80.17142857142858,4.05,222.0,0.0,80.22500000000001,6.695833333333333,313.9166666666667,374.50416666666666,59.0,7,184,2026-07-03 13:00:00,2026-07-03 09:00:00-04:00,2026-07-05 03:40:55.663310+00:00,-0.028671696748901,-0.0
91.0,48,0.0,6.2,210,5,911.0,822.7,153.0,80.89333333333335,4.193333333333333,222.0,0.0,80.89333333333335,4.193333333333333,222.0,0.0,80.22500000000001,6.695833333333333,313.9166666666667,374.50416666666666,59.0,7,184,2026-07-03 14:00:00,2026-07-03 10:00:00-04:00,2026-07-05 03:40:55.663310+00:00,-0.0028100637692716,-0.0
92.9,36,0.0,9.6,237,0,854.0,805.8,149.0,81.64375,4.53125,222.0,0.0,81.64375,4.53125,222.0,0.0,80.22500000000001,6.695833333333333,313.9166666666667,374.50416666666666,59.0,7,184,2026-07-03 15:00:00,2026-07-03 11:00:00-04:00,2026-07-05 03:40:55.663310+00:00,-0.0004606701596292,-0.0
91.4,40,0.0,13.4,270,0,749.0,772.0,141.0,82.21764705882353,5.052941176470589,222.0,0.0,82.21764705882353,5.052941176470589,222.0,0.0,80.22500000000001,6.695833333333333,313.9166666666667,374.50416666666666,59.0,7,184,2026-07-03 16:00:00,2026-07-03 12:00:00-04:00,2026-07-05 03:40:55.663310+00:00,-0.0004606701596292,-0.0
90.3,41,0.0,13.5,274,0,607.0,709.8,135.0,82.66666666666667,5.522222222222222,225.0,0.0,82.66666666666667,5.522222222222222,225.0,0.0,80.22500000000001,6.695833333333333,313.9166666666667,374.50416666666666,59.0,7,184,2026-07-03 17:00:00,2026-07-03 13:00:00-04:00,2026-07-05 03:40:55.663310+00:00,0.0313279011387571,0.0
89.0,45,0.0,12.4,283,0,435.0,604.9,123.0,83.0,5.88421052631579,228.0,0.0,83.0,5.88421052631579,228.0,0.0,80.22500000000001,6.695833333333333,313.9166666666667,374.50416666666666,59.0,7,184,2026-07-03 18:00:00,2026-07-03 14:00:00-04:00,2026-07-05 03:40:55.663310+00:00,0.0313279011387571,0.0
86.6,50,0.0,9.9,273,0,255.0,437.2,102.0,83.17999999999999,6.085,230.5,0.0,83.17999999999999,6.085,230.5,0.0,80.22500000000001,6.695833333333333,313.9166666666667,374.50416666666666,59.0,7,184,2026-07-03 19:00:00,2026-07-03 15:00:00-04:00,2026-07-05 03:40:55.663310+00:00,0.0313279011387571,0.0
83.9,58,0.0,3.6,292,0,87.0,128.6,64.0,83.21428571428571,5.966666666666667,233.0,0.0,83.21428571428571,5.966666666666667,233.0,0.0,80.22500000000001,6.695833333333333,313.9166666666667,374.50416666666666,59.0,7,184,2026-07-03 20:00:00,2026-07-03 16:00:00-04:00,2026-07-05 03:40:55.663310+00:00,0.0221224157768518,0.0
81.9,62,0.0,5.6,358,100,0.0,0.0,0.0,83.15454545454546,5.95,233.5,0.0,83.15454545454546,5.95,233.5,0.0,80.22500000000001,6.695833333333333,313.9166666666667,374.50416666666666,59.0,7,184,2026-07-03 21:00:00,2026-07-03 17:00:00-04:00,2026-07-05 03:40:55.663310+00:00,0.0284701098216925,0.0
80.3,67,0.0,3.2,45,91,0.0,0.0,0.0,83.0304347826087,5.8304347826086955,233.0,0.0,83.0304347826087,5.8304347826086955,233.0,0.0,80.22500000000001,6.695833333333333,313.9166666666667,374.50416666666666,59.0,7,184,2026-07-03 22:00:00,2026-07-03 18:00:00-04:00,2026-07-05 03:40:55.663310+00:00,0.022131881885026,0.0
79.5,70,0.0,4.0,227,30,0.0,0.0,0.0,82.88333333333334,5.754166666666666,230.5,0.0,82.88333333333334,5.754166666666666,230.5,0.0,80.22500000000001,6.695833333333333,313.9166666666667,374.50416666666666,59.0,7,184,2026-07-03 23:00:00,2026-07-03 19:00:00-04:00,2026-07-05 03:40:55.663310+00:00,0.0221224157768518,0.0
77.6,62,0.0,3.5,135,0,0.0,0.0,0.0,77.6,3.5,135.0,0.0,77.6,3.5,135.0,0.0,79.93333333333334,6.429166666666667,308.875,357.4041666666667,56.708333333333336,7,184,2026-07-04 00:00:00,2026-07-03 20:00:00-04:00,2026-07-05 03:40:55.663310+00:00,0.7609541454313543,0.8
74.9,71,0.0,4.3,174,0,0.0,0.0,0.0,76.25,3.9,154.5,0.0,76.25,3.9,154.5,0.0,79.93333333333334,6.429166666666667,308.875,357.4041666666667,56.708333333333336,7,184,2026-07-04 01:00:00,2026-07-03 21:00:00-04:00,2026-07-05 03:40:55.663310+00:00,0.8371444389087498,0.8
74.1,77,0.0,2.5,175,0,0.0,0.0,0.0,75.53333333333333,3.4333333333333336,174.0,0.0,75.53333333333333,3.4333333333333336,174.0,0.0,79.93333333333334,6.429166666666667,308.875,357.4041666666667,56.708333333333336,7,184,2026-07-04 02:00:00,2026-07-03 22:00:00-04:00,2026-07-05 03:40:55.663310+00:00,0.8269842493872013,0.8
73.6,79,0.0,3.2,124,0,0.0,0.0,0.0,75.05,3.375,154.5,0.0,75.05,3.375,154.5,0.0,79.93333333333334,6.429166666666667,308.875,357.4041666666667,56.708333333333336,7,184,2026-07-04 03:00:00,2026-07-03 23:00:00-04:00,2026-07-05 03:40:55.663310+00:00,0.8520827473980078,0.9
73.0,80,0.0,4.3,171,5,0.0,0.0,0.0,74.64,3.56,171.0,0.0,74.64,3.56,171.0,0.0,82.5125,6.008333333333333,338.6666666666667,393.2583333333334,71.0,7,185,2026-07-04 04:00:00,2026-07-04 00:00:00-04:00,2026-07-05 03:40:55.663310+00:00,0.3078639388518035,0.3
72.9,83,0.0,3.4,212,2,0.0,0.0,0.0,74.35000000000001,3.533333333333333,172.5,0.0,74.35000000000001,3.533333333333333,172.5,0.0,82.5125,6.008333333333333,338.6666666666667,393.2583333333334,71.0,7,185,2026-07-04 05:00:00,2026-07-04 01:00:00-04:00,2026-07-05 03:40:55.663310+00:00,0.3186814677135495,0.3
73.1,83,0.0,2.7,185,0,19.0,56.7,15.0,74.17142857142858,3.414285714285714,174.0,0.0,74.17142857142858,3.414285714285714,174.0,0.0,82.5125,6.008333333333333,338.6666666666667,393.2583333333334,71.0,7,185,2026-07-04 06:00:00,2026-07-04 02:00:00-04:00,2026-07-05 03:40:55.663310+00:00,0.3192293736674897,0.3
75.0,84,0.0,1.9,201,56,131.0,267.3,79.0,74.275,3.225,174.5,0.0,74.275,3.225,174.5,0.0,82.5125,6.008333333333333,338.6666666666667,393.2583333333334,71.0,7,185,2026-07-04 07:00:00,2026-07-04 03:00:00-04:00,2026-07-05 03:40:55.663310+00:00,0.3192293736674897,0.3
78.0,81,0.0,1.9,234,26,304.0,495.1,123.0,74.6888888888889,3.0777777777777775,175.0,0.0,74.6888888888889,3.0777777777777775,175.0,0.0,82.5125,6.008333333333333,338.6666666666667,393.2583333333334,71.0,7,185,2026-07-04 08:00:00,2026-07-04 04:00:00-04:00,2026-07-05 03:40:55.663310+00:00,0.2974499031121297,0.3
78.6,75,0.0,3.1,270,15,448.0,520.5,172.0,75.08,3.08,180.0,0.0,75.08,3.08,180.0,0.0,82.5125,6.008333333333333,338.6666666666667,393.2583333333334,71.0,7,185,2026-07-04 09:00:00,2026-07-04 05:00:00-04:00,2026-07-05 03:40:55.663310+00:00,0.301202448278914,0.3
79.0,74,0.0,5.9,310,100,582.0,575.7,192.0,75.43636363636364,3.3363636363636364,185.0,0.0,75.43636363636364,3.3363636363636364,185.0,0.0,82.5125,6.008333333333333,338.6666666666667,393.2583333333334,71.0,7,185,2026-07-04 10:00:00,2026-07-04 06:00:00-04:00,2026-07-05 03:40:55.663310+00:00,0.2252677994899301,0.2
80.4,70,0.0,6.7,310,27,753.0,667.6,221.0,75.85000000000001,3.6166666666666663,193.0,0.0,75.85000000000001,3.6166666666666663,193.0,0.0,82.5125,6.008333333333333,338.6666666666667,393.2583333333334,71.0,7,185,2026-07-04 11:00:00,2026-07-04 07:00:00-04:00,2026-07-05 03:40:55.663310+00:00,0.2222594028360564,0.2
81.1,60,0.0,7.9,317,5,813.0,578.0,304.0,76.25384615384615,3.946153846153846,201.0,0.0,76.25384615384615,3.946153846153846,201.0,0.0,82.5125,6.008333333333333,338.6666666666667,393.2583333333334,71.0,7,185,2026-07-04 12:00:00,2026-07-04 08:00:00-04:00,2026-07-05 03:40:55.663310+00:00,0.2222594028360564,0.2
83.6,53,0.0,10.1,311,37,893.0,672.8,272.0,76.77857142857144,4.385714285714285,206.5,0.0,76.77857142857144,4.385714285714285,206.5,0.0,82.5125,6.008333333333333,338.6666666666667,393.2583333333334,71.0,7,185,2026-07-04 13:00:00,2026-07-04 09:00:00-04:00,2026-07-05 03:40:55.663310+00:00,0.2565333695899583,0.3
84.5,43,0.0,12.5,314,3,779.0,445.2,369.0,77.29333333333334,4.926666666666667,212.0,0.0,77.29333333333334,4.926666666666667,212.0,0.0,82.5125,6.008333333333333,338.6666666666667,393.2583333333334,71.0,7,185,2026-07-04 14:00:00,2026-07-04 10:00:00-04:00,2026-07-05 03:40:55.663310+00:00,0.2565333695899583,0.3
83.0,45,0.0,9.4,322,3,838.0,688.4,236.0,77.65,5.20625,223.0,0.0,77.65,5.20625,223.0,0.0,82.5125,6.008333333333333,338.6666666666667,393.2583333333334,71.0,7,185,2026-07-04 15:00:00,2026-07-04 11:00:00-04:00,2026-07-05 03:40:55.663310+00:00,0.2420133731032635,0.2
81.3,54,0.0,10.7,321,60,665.0,269.3,453.0,77.86470588235295,5.529411764705882,234.0,0.0,77.86470588235295,5.529411764705882,234.0,0.0,82.5125,6.008333333333333,338.6666666666667,393.2583333333334,71.0,7,185,2026-07-04 16:00:00,2026-07-04 12:00:00-04:00,2026-07-05 03:40:55.663310+00:00,0.2024646971325515,0.2
80.1,47,0.0,10.1,329,98,580.0,442.3,286.0,77.98888888888888,5.783333333333333,252.0,0.0,77.98888888888888,5.783333333333333,252.0,0.0,82.5125,6.008333333333333,338.6666666666667,393.2583333333334,71.0,7,185,2026-07-04 17:00:00,2026-07-04 13:00:00-04:00,2026-07-05 03:40:55.663310+00:00,0.0439927192724733,0.0
79.2,40,0.0,9.6,344,5,440.0,547.2,158.0,78.05263157894737,5.984210526315789,270.0,0.0,78.05263157894737,5.984210526315789,270.0,0.0,82.5125,6.008333333333333,338.6666666666667,393.2583333333334,71.0,7,185,2026-07-04 18:00:00,2026-07-04 14:00:00-04:00,2026-07-05 03:40:55.663310+00:00,0.0402751468931713,0.0
78.5,43,0.0,7.6,346,0,269.0,480.8,101.0,78.075,6.0649999999999995,290.0,0.0,78.075,6.0649999999999995,290.0,0.0,82.5125,6.008333333333333,338.6666666666667,393.2583333333334,71.0,7,185,2026-07-04 19:00:00,2026-07-04 15:00:00-04:00,2026-07-05 03:40:55.663310+00:00,0.0402751468931713,0.0
75.7,51,0.0,4.3,332,0,99.0,207.6,62.0,77.96190476190476,5.980952380952381,310.0,0.0,77.96190476190476,5.980952380952381,310.0,0.0,82.5125,6.008333333333333,338.6666666666667,393.2583333333334,71.0,7,185,2026-07-04 20:00:00,2026-07-04 16:00:00-04:00,2026-07-05 03:40:55.663310+00:00,0.031069661531266,0.0
72.6,52,0.0,3.2,335,25,0.0,0.0,0.0,77.71818181818182,5.854545454545455,310.0,0.0,77.71818181818182,5.854545454545455,310.0,0.0,82.5125,6.008333333333333,338.6666666666667,393.2583333333334,71.0,7,185,2026-07-04 21:00:00,2026-07-04 17:00:00-04:00,2026-07-05 03:40:55.663310+00:00,0.031069661531266,0.0
68.2,64,0.0,2.9,58,0,0.0,0.0,0.0,77.30434782608695,5.726086956521739,310.0,0.0,77.30434782608695,5.726086956521739,310.0,0.0,82.5125,6.008333333333333,338.6666666666667,393.2583333333334,71.0,7,185,2026-07-04 22:00:00,2026-07-04 18:00:00-04:00,2026-07-05 03:40:55.663310+00:00,0.0318286422065911,0.0
67.2,63,0.0,2.1,122,25,0.0,0.0,0.0,76.88333333333334,5.575,290.0,0.0,76.88333333333334,5.575,290.0,0.0,82.5125,6.008333333333333,338.6666666666667,393.2583333333334,71.0,7,185,2026-07-04 23:00:00,2026-07-04 19:00:00-04:00,2026-07-05 03:40:55.663310+00:00,0.0326397086882812,0.0
66.2,64,0.0,2.4,56,100,0.0,0.0,0.0,76.40833333333335,5.529166666666666,290.0,0.0,76.456,5.4479999999999995,270.0,0.0,82.5125,6.008333333333333,338.6666666666667,393.2583333333334,71.0,7,185,2026-07-05 00:00:00,2026-07-04 20:00:00-04:00,2026-07-05 03:40:55.663310+00:00,0.0365222872447547,0.0
65.1,65,0.0,1.8,90,27,0.0,0.0,0.0,76.0,5.425,290.0,0.0,76.01923076923077,5.3076923076923075,252.0,0.0,82.5125,6.008333333333333,338.6666666666667,393.2583333333334,71.0,7,185,2026-07-05 01:00:00,2026-07-04 21:00:00-04:00,2026-07-05 03:40:55.663310+00:00,0.0326119523665003,0.0
64.3,66,0.0,2.6,75,0,0.0,0.0,0.0,75.59166666666667,5.429166666666667,290.0,0.0,75.58518518518518,5.207407407407407,234.0,0.0,82.5125,6.008333333333333,338.6666666666667,393.2583333333334,71.0,7,185,2026-07-05 02:00:00,2026-07-04 22:00:00-04:00,2026-07-05 03:40:55.663310+00:00,0.2335516421514192,0.2
63.3,66,0.0,4.3,96,0,0.0,0.0,0.0,75.1625,5.4750000000000005,290.0,0.0,75.14642857142857,5.175,223.0,0.0,82.5125,6.008333333333333,338.6666666666667,393.2583333333334,71.0,7,185,2026-07-05 03:00:00,2026-07-04 23:00:00-04:00,2026-07-05 03:40:55.663310+00:00,0.2335516421514192,0.2
62.7,65,0.0,2.8,108,0,0.0,0.0,0.0,74.73333333333333,5.4125000000000005,290.0,0.0,74.71724137931035,5.093103448275862,212.0,0.0,75.3625,6.041666666666667,257.8333333333333,189.0583333333333,128.54166666666666,7,186,2026-07-05 04:00:00,2026-07-05 00:00:00-04:00,2026-07-05 03:40:55.663310+00:00,0.1153061569068984,0.1
61.7,66,0.0,4.3,78,0,0.0,0.0,0.0,63.88333333333333,3.033333333333333,84.0,0.0,63.88333333333333,3.033333333333333,84.0,0.0,75.3625,6.041666666666667,257.8333333333333,189.0583333333333,128.54166666666666,7,186,2026-07-05 05:00:00,2026-07-05 01:00:00-04:00,2026-07-05 04:32:11.363295+00:00,-0.07613065257692359,-0.1
61.6,68,0.0,4.3,78,0,20.0,100.4,13.0,63.55714285714286,3.2142857142857144,78.0,0.0,63.55714285714286,3.2142857142857144,78.0,0.0,75.3625,6.041666666666667,257.8333333333333,189.0583333333333,128.54166666666666,7,186,2026-07-05 06:00:00,2026-07-05 02:00:00-04:00,2026-07-05 04:32:11.363295+00:00,-0.07613065257692359,-0.1
65.0,70,0.0,2.4,68,0,154.0,508.0,56.0,63.7375,3.1125,78.0,0.0,63.7375,3.1125,78.0,0.0,75.3625,6.041666666666667,257.8333333333333,189.0583333333333,128.54166666666666,7,186,2026-07-05 07:00:00,2026-07-05 03:00:00-04:00,2026-07-05 04:32:11.363295+00:00,-0.0792683832980026,-0.1
69.2,59,0.0,1.2,338,0,330.0,664.6,88.0,64.34444444444445,2.9,78.0,0.0,64.34444444444445,2.9,78.0,0.0,75.3625,6.041666666666667,257.8333333333333,189.0583333333333,128.54166666666666,7,186,2026-07-05 08:00:00,2026-07-05 04:00:00-04:00,2026-07-05 04:32:11.363295+00:00,-0.07789790746542805,-0.1
71.9,54,0.0,2.9,321,0,512.0,763.7,108.0,65.1,2.9,84.0,0.0,65.1,2.9,84.0,0.0,75.3625,6.041666666666667,257.8333333333333,189.0583333333333,128.54166666666666,7,186,2026-07-05 09:00:00,2026-07-05 05:00:00-04:00,2026-07-05 04:32:11.363295+00:00,-0.07541293902988704,-0.1
74.6,48,0.0,4.2,306,0,675.0,800.0,134.0,65.96363636363637,3.0181818181818185,90.0,0.0,65.96363636363637,3.0181818181818185,90.0,0.0,75.3625,6.041666666666667,257.8333333333333,189.0583333333333,128.54166666666666,7,186,2026-07-05 10:00:00,2026-07-05 06:00:00-04:00,2026-07-05 04:32:11.363295+00:00,-0.07512265486414574,-0.1
77.2,40,0.0,5.2,317,3,818.0,850.6,141.0,66.89999999999999,3.1999999999999997,93.0,0.0,66.89999999999999,3.1999999999999997,93.0,0.0,75.3625,6.041666666666667,257.8333333333333,189.0583333333333,128.54166666666666,7,186,2026-07-05 11:00:00,2026-07-05 07:00:00-04:00,2026-07-05 04:32:11.363295+00:00,-0.07605554795583491,-0.1
79.0,36,0.0,6.5,322,100,907.0,820.6,185.0,67.83076923076922,3.4538461538461536,96.0,0.0,67.83076923076922,3.4538461538461536,96.0,0.0,75.3625,6.041666666666667,257.8333333333333,189.0583333333333,128.54166666666666,7,186,2026-07-05 12:00:00,2026-07-05 08:00:00-04:00,2026-07-05 04:32:11.363295+00:00,-0.02884074379376254,-0.0
80.5,34,0.0,6.8,328,18,952.0,824.0,192.0,68.73571428571428,3.692857142857143,102.0,0.0,68.73571428571428,3.692857142857143,102.0,0.0,75.3625,6.041666666666667,257.8333333333333,189.0583333333333,128.54166666666666,7,186,2026-07-05 13:00:00,2026-07-05 09:00:00-04:00,2026-07-05 04:32:11.363295+00:00,-0.07840767320085336,-0.1
81.2,35,0.0,7.4,331,64,946.0,817.1,194.0,69.56666666666666,3.94,108.0,0.0,69.56666666666666,3.94,108.0,0.0,75.3625,6.041666666666667,257.8333333333333,189.0583333333333,128.54166666666666,7,186,2026-07-05 14:00:00,2026-07-05 10:00:00-04:00,2026-07-05 04:32:11.363295+00:00,0.17966971607143545,0.2
81.6,34,0.0,7.5,333,100,861.0,542.3,387.0,70.31875,4.1625,207.0,0.0,70.31875,4.1625,207.0,0.0,75.3625,6.041666666666667,257.8333333333333,189.0583333333333,128.54166666666666,7,186,2026-07-05 15:00:00,2026-07-05 11:00:00-04:00,2026-07-05 04:32:11.363295+00:00,0.1673879837722415,0.2
81.9,32,0.0,7.3,342,89,784.0,775.4,174.0,71.0,4.347058823529412,306.0,0.0,71.0,4.347058823529412,306.0,0.0,75.3625,6.041666666666667,257.8333333333333,189.0583333333333,128.54166666666666,7,186,2026-07-05 16:00:00,2026-07-05 12:00:00-04:00,2026-07-05 04:32:11.363295+00:00,-0.03521788075382613,-0.0
82.0,32,0.0,7.3,348,100,598.0,405.0,329.0,71.61111111111111,4.511111111111111,311.5,0.0,71.61111111111111,4.511111111111111,311.5,0.0,75.3625,6.041666666666667,257.8333333333333,189.0583333333333,128.54166666666666,7,186,2026-07-05 17:00:00,2026-07-05 13:00:00-04:00,2026-07-05 04:32:11.363295+00:00,-0.03868284802337046,-0.0
81.1,32,0.0,7.2,351,93,434.0,371.0,243.0,72.11052631578947,4.652631578947369,317.0,0.0,72.11052631578947,4.652631578947369,317.0,0.0,75.3625,6.041666666666667,257.8333333333333,189.0583333333333,128.54166666666666,7,186,2026-07-05 18:00:00,2026-07-05 14:00:00-04:00,2026-07-05 04:32:11.363295+00:00,-0.044760912714037336,-0.0
79.4,37,0.0,6.5,360,100,243.0,154.8,189.0,72.475,4.745,319.0,0.0,72.475,4.745,319.0,0.0,75.3625,6.041666666666667,257.8333333333333,189.0583333333333,128.54166666666666,7,186,2026-07-05 19:00:00,2026-07-05 15:00:00-04:00,2026-07-05 04:32:11.363295+00:00,-0.05086200389547619,-0.1
75.9,42,0.0,5.0,13,100,83.0,5.6,82.0,72.63809523809525,4.757142857142857,317.0,0.0,72.63809523809525,4.757142857142857,317.0,0.0,75.3625,6.041666666666667,257.8333333333333,189.0583333333333,128.54166666666666,7,186,2026-07-05 20:00:00,2026-07-05 16:00:00-04:00,2026-07-05 04:32:11.363295+00:00,-0.05863421091176868,-0.1
72.9,46,0.0,4.7,19,100,0.0,0.0,0.0,72.64999999999999,4.754545454545454,311.5,0.0,72.64999999999999,4.754545454545454,311.5,0.0,75.3625,6.041666666666667,257.8333333333333,189.0583333333333,128.54166666666666,7,186,2026-07-05 21:00:00,2026-07-05 17:00:00-04:00,2026-07-05 04:32:11.363295+00:00,-0.056408410880154414,-0.1
70.9,43,0.0,4.3,43,100,0.0,0.0,0.0,72.57391304347826,4.734782608695652,306.0,0.0,72.57391304347826,4.734782608695652,306.0,0.0,75.3625,6.041666666666667,257.8333333333333,189.0583333333333,128.54166666666666,7,186,2026-07-05 22:00:00,2026-07-05 18:00:00-04:00,2026-07-05 04:32:11.363295+00:00,-0.05632012040821696,-0.1
68.7,45,0.0,4.3,62,100,0.0,0.0,0.0,72.41250000000001,4.716666666666667,207.0,0.0,72.41250000000001,4.716666666666667,207.0,0.0,75.3625,6.041666666666667,257.8333333333333,189.0583333333333,128.54166666666666,7,186,2026-07-05 23:00:00,2026-07-05 19:00:00-04:00,2026-07-05 04:32:11.363295+00:00,0.15877769881467713,0.2
67.0,51,0.0,2.9,86,100,0.0,0.0,0.0,72.44583333333334,4.7375,207.0,0.0,72.196,4.644,108.0,0.0,75.3625,6.041666666666667,257.8333333333333,189.0583333333333,128.54166666666666,7,186,2026-07-06 00:00:00,2026-07-05 20:00:00-04:00,2026-07-05 04:32:11.363295+00:00,0.11152377619327995,0.1
65.9,53,0.0,2.0,63,100,0.0,0.0,0.0,72.47916666666667,4.745833333333333,207.0,0.0,71.95384615384616,4.542307692307692,102.0,0.0,75.3625,6.041666666666667,257.8333333333333,189.0583333333333,128.54166666666666,7,186,2026-07-06 01:00:00,2026-07-05 21:00:00-04:00,2026-07-05 04:32:11.363295+00:00,0.11152377619327995,0.1
64.7,61,0.0,1.7,337,100,0.0,0.0,0.0,72.49583333333334,4.708333333333333,311.5,0.0,71.68518518518519,4.437037037037037,108.0,0.0,75.3625,6.041666666666667,257.8333333333333,189.0583333333333,128.54166666666666,7,186,2026-07-06 02:00:00,2026-07-05 22:00:00-04:00,2026-07-05 04:32:11.363295+00:00,0.09922756435734834,0.1
63.5,74,0.0,3.4,337,100,0.0,0.0,0.0,72.50416666666666,4.670833333333333,319.0,0.0,71.39285714285714,4.4,207.0,0.0,75.3625,6.041666666666667,257.8333333333333,189.0583333333333,128.54166666666666,7,186,2026-07-06 03:00:00,2026-07-05 23:00:00-04:00,2026-07-05 04:32:11.363295+00:00,0.1406496476589125,0.1
63.2,83,0.0,2.9,337,100,0.0,0.0,0.0,72.525,4.675,321.5,0.0,71.1103448275862,4.348275862068966,306.0,0.0,70.74166666666666,3.470833333333333,322.9583333333333,315.69166666666666,108.97083333333335,7,187,2026-07-06 04:00:00,2026-07-06 00:00:00-04:00,2026-07-05 04:32:11.363295+00:00,0.07927095937033281,0.1
63.1,80,0.0,3.2,45,100,0.0,0.0,0.0,72.58333333333333,4.629166666666666,321.5,0.0,70.84333333333333,4.3100000000000005,207.0,0.0,70.74166666666666,3.470833333333333,322.9583333333333,315.69166666666666,108.97083333333335,7,187,2026-07-06 05:00:00,2026-07-06 01:00:00-04:00,2026-07-05 04:32:11.363295+00:00,0.3582973145664671,0.4
63.6,74,0.0,3.8,69,100,16.0,0.0,16.0,72.66666666666667,4.608333333333333,321.5,0.0,70.60967741935484,4.293548387096774,108.0,0.0,70.74166666666666,3.470833333333333,322.9583333333333,315.69166666666666,108.97083333333335,7,187,2026-07-06 06:00:00,2026-07-06 02:00:00-04:00,2026-07-05 04:32:11.363295+00:00,0.2287408934659554,0.2
67.5,65,0.0,2.2,66,100,130.0,88.9,113.0,72.77083333333333,4.6,321.5,0.0,70.5125,4.228125,102.0,0.0,70.74166666666666,3.470833333333333,322.9583333333333,315.69166666666666,108.97083333333335,7,187,2026-07-06 07:00:00,2026-07-06 03:00:00-04:00,2026-07-05 04:32:11.363295+00:00,0.22786593581120151,0.2
74.0,56,0.0,6.5,128,100,285.0,209.6,209.0,72.97083333333335,4.820833333333334,319.0,0.0,70.61818181818182,4.296969696969697,108.0,0.0,70.74166666666666,3.470833333333333,322.9583333333333,315.69166666666666,108.97083333333335,7,187,2026-07-06 08:00:00,2026-07-06 04:00:00-04:00,2026-07-05 04:32:11.363295+00:00,0.22181624208325468,0.2
76.8,54,0.0,8.6,141,100,387.0,64.4,353.0,73.175,5.058333333333334,311.5,0.0,70.8,4.423529411764706,118.0,0.0,70.74166666666666,3.470833333333333,322.9583333333333,315.69166666666666,108.97083333333335,7,187,2026-07-06 09:00:00,2026-07-06 05:00:00-04:00,2026-07-05 04:32:11.363295+00:00,0.22159704534338312,0.2
79.1,54,0.0,6.5,166,100,626.0,342.2,395.0,73.3625,5.154166666666666,241.5,0.0,71.03714285714287,4.482857142857143,128.0,0.0,70.74166666666666,3.470833333333333,322.9583333333333,315.69166666666666,108.97083333333335,7,187,2026-07-06 10:00:00,2026-07-06 06:00:00-04:00,2026-07-05 04:32:11.363295+00:00,0.27644804896504066,0.3
81.2,48,0.0,9.3,150,99,684.0,216.4,512.0,73.52916666666667,5.325,158.0,0.0,71.31944444444444,4.616666666666666,134.5,0.0,70.74166666666666,3.470833333333333,322.9583333333333,315.69166666666666,108.97083333333335,7,187,2026-07-06 11:00:00,2026-07-06 07:00:00-04:00,2026-07-05 04:32:11.363295+00:00,0.2614820816848466,0.3
81.4,48,0.0,9.7,138,100,603.0,10.2,594.0,73.62916666666668,5.458333333333333,145.5,0.0,71.59189189189189,4.754054054054055,138.0,0.0,70.74166666666666,3.470833333333333,322.9583333333333,315.69166666666666,108.97083333333335,7,187,2026-07-06 12:00:00,2026-07-06 08:00:00-04:00,2026-07-05 04:32:11.363295+00:00,0.2614820816848466,0.3
82.2,47,0.0,9.2,129,100,709.0,11.9,698.0,73.7,5.558333333333334,139.5,0.0,71.87105263157895,4.871052631578947,133.5,0.0,70.74166666666666,3.470833333333333,322.9583333333333,315.69166666666666,108.97083333333335,7,187,2026-07-06 13:00:00,2026-07-06 09:00:00-04:00,2026-07-05 04:32:11.363295+00:00,0.2614820816848466,0.3
81.6,47,0.0,9.7,132,100,499.0,15.2,485.0,73.71666666666667,5.654166666666666,135.0,0.0,72.12051282051281,4.994871794871795,132.0,0.0,70.74166666666666,3.470833333333333,322.9583333333333,315.69166666666666,108.97083333333335,7,187,2026-07-06 14:00:00,2026-07-06 10:00:00-04:00,2026-07-05 04:32:11.363295+00:00,0.2614820816848466,0.3
82.2,44,0.0,9.8,131,100,543.0,1.1,542.0,73.74166666666667,5.75,131.5,0.0,72.3725,5.115,131.5,0.0,70.74166666666666,3.470833333333333,322.9583333333333,315.69166666666666,108.97083333333335,7,187,2026-07-06 15:00:00,2026-07-06 11:00:00-04:00,2026-07-05 04:32:11.363295+00:00,0.2614820816848466,0.3
81.5,45,0.0,10.6,139,100,381.0,0.0,381.0,73.72500000000001,5.887499999999999,131.5,0.0,72.59512195121951,5.248780487804877,132.0,0.0,70.74166666666666,3.470833333333333,322.9583333333333,315.69166666666666,108.97083333333335,7,187,2026-07-06 16:00:00,2026-07-06 12:00:00-04:00,2026-07-05 04:32:11.363295+00:00,0.2614820816848466,0.3
81.6,45,0.0,8.5,137,100,440.0,22.6,425.0,73.70833333333333,5.9375,131.5,0.0,72.80952380952381,5.326190476190476,134.5,0.0,70.74166666666666,3.470833333333333,322.9583333333333,315.69166666666666,108.97083333333335,7,187,2026-07-06 17:00:00,2026-07-06 13:00:00-04:00,2026-07-05 04:32:11.363295+00:00,0.2614820816848466,0.3
78.9,54,0.0,8.8,152,100,289.8,92.4,242.3,73.61666666666667,6.004166666666666,131.5,0.0,72.95116279069768,5.406976744186046,137.0,0.0,70.74166666666666,3.470833333333333,322.9583333333333,315.69166666666666,108.97083333333335,7,187,2026-07-06 18:00:00,2026-07-06 14:00:00-04:00,2026-07-05 04:32:11.363295+00:00,0.2669573752278382,0.3
75.9,65,0.0,6.3,149,100,193.0,171.3,133.5,73.47083333333333,5.995833333333334,131.5,0.0,73.01818181818182,5.427272727272728,137.5,0.0,70.74166666666666,3.470833333333333,322.9583333333333,315.69166666666666,108.97083333333335,7,187,2026-07-06 19:00:00,2026-07-06 15:00:00-04:00,2026-07-05 04:32:11.363295+00:00,0.26735658495447395,0.3
71.3,74,0.0,5.7,138,100,82.3,176.3,51.3,73.27916666666667,6.0249999999999995,134.5,0.0,72.98,5.433333333333334,138.0,0.0,70.74166666666666,3.470833333333333,322.9583333333333,315.69166666666666,108.97083333333335,7,187,2026-07-06 20:00:00,2026-07-06 16:00:00-04:00,2026-07-05 04:32:11.363295+00:00,0.26735658495447395,0.3
64.9,77,0.0,6.3,117,100,10.0,81.5,5.0,72.94583333333334,6.091666666666668,134.5,0.0,72.80434782608695,5.452173913043478,137.5,0.0,70.74166666666666,3.470833333333333,322.9583333333333,315.69166666666666,108.97083333333335,7,187,2026-07-06 21:00:00,2026-07-06 17:00:00-04:00,2026-07-05 04:32:11.363295+00:00,0.2717619161112819,0.3
62.2,77,0.0,5.6,113,99,0.0,0.0,0.0,72.58333333333333,6.145833333333333,134.5,0.0,72.57872340425533,5.455319148936169,137.0,0.0,70.74166666666666,3.470833333333333,322.9583333333333,315.69166666666666,108.97083333333335,7,187,2026-07-06 22:00:00,2026-07-06 18:00:00-04:00,2026-07-05 04:32:11.363295+00:00,0.2709633796861087,0.3
61.5,76,0.0,5.9,119,100,0.0,0.0,0.0,72.28333333333333,6.212500000000001,134.5,0.0,72.34791666666668,5.464583333333334,134.5,0.0,70.74166666666666,3.470833333333333,322.9583333333333,315.69166666666666,108.97083333333335,7,187,2026-07-06 23:00:00,2026-07-06 19:00:00-04:00,2026-07-05 04:32:11.363295+00:00,0.2709633796861087,0.3
61.0,76,0.0,5.5,104,100,0.0,0.0,0.0,72.03333333333333,6.320833333333334,134.5,0.0,72.11632653061226,5.46530612244898,132.0,0.0,70.74166666666666,3.470833333333333,322.9583333333333,315.69166666666666,108.97083333333335,7,187,2026-07-07 00:00:00,2026-07-06 20:00:00-04:00,2026-07-05 04:32:11.363295+00:00,0.27182668787152603,0.3
61.0,75,0.0,5.7,116,100,0.0,0.0,0.0,71.82916666666667,6.4750000000000005,134.5,0.0,71.894,5.47,131.5,0.0,70.74166666666666,3.470833333333333,322.9583333333333,315.69166666666666,108.97083333333335,7,187,2026-07-07 01:00:00,2026-07-06 21:00:00-04:00,2026-07-05 04:32:11.363295+00:00,0.27182668787152603,0.3
61.0,75,0.0,4.9,120,100,0.0,0.0,0.0,71.675,6.608333333333333,131.5,0.0,71.68039215686275,5.458823529411764,131.0,0.0,70.74166666666666,3.470833333333333,322.9583333333333,315.69166666666666,108.97083333333335,7,187,2026-07-07 02:00:00,2026-07-06 22:00:00-04:00,2026-07-05 04:32:11.363295+00:00,0.27074011354197264,0.3
59.4,80,0.0,5.1,119,100,0.0,0.0,0.0,71.50416666666668,6.679166666666667,130.0,0.0,71.44423076923077,5.451923076923077,130.0,0.0,70.74166666666666,3.470833333333333,322.9583333333333,315.69166666666666,108.97083333333335,7,187,2026-07-07 03:00:00,2026-07-06 23:00:00-04:00,2026-07-05 04:32:11.363295+00:00,0.2707319638576977,0.3
58.3,82,0.0,4.8,131,100,0.0,0.0,0.0,71.3,6.758333333333334,130.0,0.0,71.19622641509434,5.439622641509434,131.0,0.0,63.71666666666667,5.304166666666666,80.95833333333333,54.775,47.541666666666664,7,188,2026-07-07 04:00:00,2026-07-07 00:00:00-04:00,2026-07-05 04:32:11.363295+00:00,0.4082216860662588,0.4
59.4,78,0.0,4.7,125,100,0.0,0.0,0.0,71.14583333333333,6.820833333333333,130.0,0.0,70.97777777777777,5.425925925925926,130.0,0.0,63.71666666666667,5.304166666666666,80.95833333333333,54.775,47.541666666666664,7,188,2026-07-07 05:00:00,2026-07-07 01:00:00-04:00,2026-07-05 04:32:11.363295+00:00,0.4082216860662588,0.4
60.1,80,0.0,4.4,131,100,9.0,73.1,4.0,71.0,6.845833333333334,131.0,0.0,70.78,5.407272727272727,131.0,0.0,63.71666666666667,5.304166666666666,80.95833333333333,54.775,47.541666666666664,7,188,2026-07-07 06:00:00,2026-07-07 02:00:00-04:00,2026-07-05 04:32:11.363295+00:00,0.4082216860662588,0.4
61.7,82,0.0,3.5,135,100,65.0,157.7,35.0,70.75833333333334,6.8999999999999995,131.0,0.0,70.61785714285715,5.373214285714285,131.0,0.0,63.71666666666667,5.304166666666666,80.95833333333333,54.775,47.541666666666664,7,188,2026-07-07 07:00:00,2026-07-07 03:00:00-04:00,2026-07-05 04:32:11.363295+00:00,0.43300060370739135,0.4
64.0,78,0.0,4.9,150,100,165.0,210.1,89.0,70.34166666666667,6.833333333333333,131.5,0.0,70.50175438596492,5.364912280701755,131.0,0.0,63.71666666666667,5.304166666666666,80.95833333333333,54.775,47.541666666666664,7,188,2026-07-07 08:00:00,2026-07-07 04:00:00-04:00,2026-07-05 04:32:11.363295+00:00,0.42341549218173175,0.4
65.5,75,0.0,4.6,169,100,255.0,220.1,139.0,69.87083333333334,6.666666666666667,131.5,0.0,70.4155172413793,5.3517241379310345,131.0,0.0,63.71666666666667,5.304166666666666,80.95833333333333,54.775,47.541666666666664,7,188,2026-07-07 09:00:00,2026-07-07 05:00:00-04:00,2026-07-05 04:32:11.363295+00:00,0.42845116386123294,0.4
68.4,70,0.0,4.0,177,100,463.0,329.1,241.0,69.425,6.5625,131.5,0.0,70.38135593220339,5.328813559322033,131.0,0.0,63.71666666666667,5.304166666666666,80.95833333333333,54.775,47.541666666666664,7,188,2026-07-07 10:00:00,2026-07-07 06:00:00-04:00,2026-07-05 04:32:11.363295+00:00,0.42873870631710587,0.4
72.7,61,0.0,4.0,164,100,733.0,663.4,206.0,69.07083333333334,6.341666666666668,131.5,0.0,70.42,5.306666666666667,131.5,0.0,63.71666666666667,5.304166666666666,80.95833333333333,54.775,47.541666666666664,7,188,2026-07-07 11:00:00,2026-07-07 07:00:00-04:00,2026-07-05 04:32:11.363295+00:00,0.4222615427284269,0.4
74.7,60,0.0,6.0,195,9,877.0,901.5,85.0,68.79166666666667,6.1875,131.5,0.0,70.49016393442622,5.3180327868852455,132.0,0.0,63.71666666666667,5.304166666666666,80.95833333333333,54.775,47.541666666666664,7,188,2026-07-07 12:00:00,2026-07-07 08:00:00-04:00,2026-07-05 04:32:11.363295+00:00,0.42489478527085056,0.4
75.0,60,0.0,7.6,199,60,888.0,762.2,186.0,68.49166666666666,6.120833333333334,133.5,0.0,70.56290322580645,5.354838709677419,133.5,0.0,63.71666666666667,5.304166666666666,80.95833333333333,54.775,47.541666666666664,7,188,2026-07-07 13:00:00,2026-07-07 09:00:00-04:00,2026-07-05 04:32:11.363295+00:00,0.43447989679651017,0.4
73.4,66,0.0,10.9,217,90,666.0,373.2,323.0,68.14999999999999,6.170833333333333,136.0,0.0,70.60793650793651,5.442857142857142,135.0,0.0,63.71666666666667,5.304166666666666,80.95833333333333,54.775,47.541666666666664,7,188,2026-07-07 14:00:00,2026-07-07 10:00:00-04:00,2026-07-05 04:32:11.363295+00:00,0.42616526311492525,0.4
71.4,71,0.0,10.7,219,100,514.0,277.3,272.0,67.7,6.208333333333333,137.5,0.0,70.6203125,5.525,136.0,0.0,63.71666666666667,5.304166666666666,80.95833333333333,54.775,47.541666666666664,7,188,2026-07-07 15:00:00,2026-07-07 11:00:00-04:00,2026-07-05 04:32:11.363295+00:00,0.42616526311492525,0.4
72.0,73,0.0,9.3,210,100,367.0,219.0,195.0,67.30416666666666,6.154166666666668,137.5,0.0,70.64153846153846,5.583076923076923,137.0,0.0,63.71666666666667,5.304166666666666,80.95833333333333,54.775,47.541666666666664,7,188,2026-07-07 16:00:00,2026-07-07 12:00:00-04:00,2026-07-05 04:32:11.363295+00:00,0.4299742658061995,0.4
74.1,69,0.0,9.1,218,28,614.0,712.4,142.0,66.99166666666667,6.179166666666667,143.5,0.0,70.6939393939394,5.636363636363637,137.5,0.0,63.71666666666667,5.304166666666666,80.95833333333333,54.775,47.541666666666664,7,188,2026-07-07 17:00:00,2026-07-07 13:00:00-04:00,2026-07-05 04:32:11.363295+00:00,0.43325322780828324,0.4
71.2,77,0.0,10.5,230,0,470.0,787.6,66.0,66.67083333333333,6.25,143.5,0.0,70.70149253731343,5.708955223880597,138.0,0.0,63.71666666666667,5.304166666666666,80.95833333333333,54.775,47.541666666666664,7,188,2026-07-07 18:00:00,2026-07-07 14:00:00-04:00,2026-07-05 04:32:11.363295+00:00,0.43325322780828324,0.4
69.1,79,0.0,8.5,217,0,291.0,678.0,56.0,66.3875,6.341666666666666,144.0,0.0,70.6779411764706,5.75,138.0,0.0,63.71666666666667,5.304166666666666,80.95833333333333,54.775,47.541666666666664,7,188,2026-07-07 19:00:00,2026-07-07 15:00:00-04:00,2026-07-05 04:32:11.363295+00:00,0.43122490582800305,0.4
65.8,85,0.0,5.6,182,0,122.0,497.3,35.0,66.15833333333333,6.3374999999999995,157.0,0.0,70.60724637681159,5.747826086956522,138.0,0.0,63.71666666666667,5.304166666666666,80.95833333333333,54.775,47.541666666666664,7,188,2026-07-07 20:00:00,2026-07-07 16:00:00-04:00,2026-07-05 04:32:11.363295+00:00,0.07788593383134537,0.1
62.1,90,0.0,5.8,148,0,11.0,98.5,5.0,66.04166666666667,6.316666666666666,157.0,0.0,70.48571428571428,5.748571428571428,138.5,0.0,63.71666666666667,5.304166666666666,80.95833333333333,54.775,47.541666666666664,7,188,2026-07-07 21:00:00,2026-07-07 17:00:00-04:00,2026-07-05 04:32:11.363295+00:00,0.0683008223056858,0.1
60.8,93,0.0,6.5,134,0,0.0,0.0,0.0,65.98333333333333,6.354166666666667,157.0,0.0,70.34929577464789,5.759154929577464,138.0,0.0,63.71666666666667,5.304166666666666,80.95833333333333,54.775,47.541666666666664,7,188,2026-07-07 22:00:00,2026-07-07 18:00:00-04:00,2026-07-05 04:32:11.363295+00:00,0.06334905978117915,0.1
59.5,93,0.0,6.5,134,0,0.0,0.0,0.0,65.89999999999999,6.379166666666666,157.0,0.0,70.19861111111112,5.769444444444444,138.0,0.0,63.71666666666667,5.304166666666666,80.95833333333333,54.775,47.541666666666664,7,188,2026-07-07 23:00:00,2026-07-07 19:00:00-04:00,2026-07-05 04:32:11.363295+00:00,0.06334905978117915,0.1
58.5,92,0.0,5.6,143,0,0.0,0.0,0.0,65.79583333333333,6.383333333333333,157.0,0.0,70.09166666666667,5.813888888888889,138.5,0.0,63.71666666666667,5.304166666666666,80.95833333333333,54.775,47.541666666666664,7,188,2026-07-08 00:00:00,2026-07-07 20:00:00-04:00,2026-07-05 04:32:11.363295+00:00,0.06484694196344913,0.1
57.6,93,0.0,5.4,142,0,0.0,0.0,0.0,65.65416666666667,6.370833333333334,157.0,0.0,69.9875,5.863888888888889,140.0,0.0,63.71666666666667,5.304166666666666,80.95833333333333,54.775,47.541666666666664,7,188,2026-07-08 01:00:00,2026-07-07 21:00:00-04:00,2026-07-05 04:32:11.363295+00:00,0.06484694196344913,0.1
57.0,93,0.0,4.4,139,5,0.0,0.0,0.0,65.4875,6.3500000000000005,157.0,0.0,69.8861111111111,5.888888888888889,140.0,0.0,63.71666666666667,5.304166666666666,80.95833333333333,54.775,47.541666666666664,7,188,2026-07-08 02:00:00,2026-07-07 22:00:00-04:00,2026-07-05 04:32:11.363295+00:00,0.06484694196344913,0.1
56.5,94,0.0,4.5,160,0,0.0,0.0,0.0,65.36666666666666,6.325,162.0,0.0,69.79166666666667,5.891666666666667,141.5,0.0,63.71666666666667,5.304166666666666,80.95833333333333,54.775,47.541666666666664,7,188,2026-07-08 03:00:00,2026-07-07 23:00:00-04:00,2026-07-05 04:32:11.363295+00:00,0.06994571905272283,0.1
55.9,94,0.0,4.7,161,92,0.0,0.0,0.0,65.26666666666667,6.320833333333333,162.5,0.0,69.69722222222222,5.918055555555556,142.5,0.0,62.354166666666664,3.9499999999999997,153.125,201.1833333333333,32.375,7,189,2026-07-08 04:00:00,2026-07-08 00:00:00-04:00,2026-07-05 04:32:11.363295+00:00,0.03445930041012998,0.0
55.0,95,0.0,4.6,157,10,0.0,0.0,0.0,65.08333333333333,6.316666666666666,162.5,0.0,69.60416666666667,5.9222222222222225,145.5,0.0,62.354166666666664,3.9499999999999997,153.125,201.1833333333333,32.375,7,189,2026-07-08 05:00:00,2026-07-08 01:00:00-04:00,2026-07-05 04:32:11.363295+00:00,0.03773826241221386,0.0
55.6,95,0.0,4.5,153,5,15.0,133.4,6.0,64.89583333333333,6.320833333333333,162.5,0.0,69.52083333333333,5.925000000000001,148.5,0.0,62.354166666666664,3.9499999999999997,153.125,201.1833333333333,32.375,7,189,2026-07-08 06:00:00,2026-07-08 02:00:00-04:00,2026-07-05 04:32:11.363295+00:00,0.00068694890843671,0.0
59.5,87,0.0,4.5,180,0,135.0,525.4,36.0,64.80416666666666,6.3625,166.5,0.0,69.44444444444444,5.9541666666666675,149.5,0.0,62.354166666666664,3.9499999999999997,153.125,201.1833333333333,32.375,7,189,2026-07-08 07:00:00,2026-07-08 03:00:00-04:00,2026-07-05 04:32:11.363295+00:00,0.008763759780103606,0.0
63.5,80,0.0,5.2,185,0,308.0,702.6,55.0,64.78333333333333,6.375,173.0,0.0,69.36527777777776,6.009722222222222,149.5,0.0,62.354166666666664,3.9499999999999997,153.125,201.1833333333333,32.375,7,189,2026-07-08 08:00:00,2026-07-08 04:00:00-04:00,2026-07-05 04:32:11.363295+00:00,0.10651437533167618,0.1
66.4,76,0.0,5.0,234,0,487.0,803.2,65.0,64.82083333333333,6.391666666666667,178.5,0.0,69.28888888888889,6.038888888888889,149.5,0.0,62.354166666666664,3.9499999999999997,153.125,201.1833333333333,32.375,7,189,2026-07-08 09:00:00,2026-07-08 05:00:00-04:00,2026-07-05 04:32:11.363295+00:00,0.10494617382550475,0.1
69.6,72,0.0,4.7,185,0,651.0,858.6,73.0,64.87083333333334,6.420833333333333,181.0,0.0,69.21944444444443,6.045833333333333,149.5,0.0,62.354166666666664,3.9499999999999997,153.125,201.1833333333333,32.375,7,189,2026-07-08 10:00:00,2026-07-08 06:00:00-04:00,2026-07-05 04:32:11.363295+00:00,0.10646732458398595,0.1
72.5,68,0.0,5.1,236,6,789.0,897.5,77.0,64.8625,6.466666666666666,183.5,0.0,69.15416666666665,6.044444444444445,149.5,0.0,62.354166666666664,3.9499999999999997,153.125,201.1833333333333,32.375,7,189,2026-07-08 11:00:00,2026-07-08 07:00:00-04:00,2026-07-05 04:32:11.363295+00:00,0.09785492745128574,0.1
74.3,67,0.0,4.9,227,100,842.0,713.4,216.0,64.84583333333333,6.420833333333333,183.5,0.0,69.08888888888889,6.022222222222222,149.5,0.0,62.354166666666664,3.9499999999999997,153.125,201.1833333333333,32.375,7,189,2026-07-08 12:00:00,2026-07-08 08:00:00-04:00,2026-07-05 04:32:11.363295+00:00,0.0945759654492018,0.1
76.3,63,0.0,4.9,223,9,934.0,922.6,85.0,64.89999999999999,6.308333333333334,183.5,0.0,69.03055555555555,5.995833333333334,149.5,0.0,62.354166666666664,3.9499999999999997,153.125,201.1833333333333,32.375,7,189,2026-07-08 13:00:00,2026-07-08 09:00:00-04:00,2026-07-05 04:32:11.363295+00:00,0.09785492745128574,0.1
78.3,59,0.0,4.8,217,81,922.0,861.3,131.0,65.10416666666666,6.054166666666666,183.5,0.0,68.99027777777778,5.959722222222222,149.5,0.0,62.354166666666664,3.9499999999999997,153.125,201.1833333333333,32.375,7,189,2026-07-08 14:00:00,2026-07-08 10:00:00-04:00,2026-07-05 04:32:11.363295+00:00,0.09785492745128574,0.1
79.9,57,0.0,5.5,201,100,838.0,714.3,215.0,65.45833333333333,5.8374999999999995,183.5,0.0,68.96666666666665,5.931944444444444,149.5,0.0,62.354166666666664,3.9499999999999997,153.125,201.1833333333333,32.375,7,189,2026-07-08 15:00:00,2026-07-08 11:00:00-04:00,2026-07-05 04:32:11.363295+00:00,0.0951238714031421,0.1
80.4,63,0.0,6.4,192,100,728.0,651.2,217.0,65.80833333333334,5.716666666666666,183.5,0.0,68.94583333333334,5.919444444444445,149.5,0.0,62.354166666666664,3.9499999999999997,153.125,201.1833333333333,32.375,7,189,2026-07-08 16:00:00,2026-07-08 12:00:00-04:00,2026-07-05 04:32:11.363295+00:00,0.0951238714031421,0.1
79.5,68,0.0,6.2,199,100,557.0,507.6,221.0,66.03333333333335,5.595833333333334,183.5,0.0,68.91111111111111,5.904166666666667,149.5,0.0,62.354166666666664,3.9499999999999997,153.125,201.1833333333333,32.375,7,189,2026-07-08 17:00:00,2026-07-08 13:00:00-04:00,2026-07-05 04:32:11.363295+00:00,0.0951238714031421,0.1
79.0,74,0.0,3.8,201,100,403.0,458.8,168.0,66.35833333333333,5.316666666666666,183.5,0.0,68.88194444444444,5.856944444444445,149.5,0.0,62.354166666666664,3.9499999999999997,153.125,201.1833333333333,32.375,7,189,2026-07-08 18:00:00,2026-07-08 14:00:00-04:00,2026-07-05 04:32:11.363295+00:00,0.0951238714031421,0.1
78.3,77,0.0,2.4,202,8,290.0,691.1,51.0,66.74166666666666,5.0625,183.5,0.0,68.86666666666666,5.800000000000001,149.5,0.0,62.354166666666664,3.9499999999999997,153.125,201.1833333333333,32.375,7,189,2026-07-08 19:00:00,2026-07-08 15:00:00-04:00,2026-07-05 04:32:11.363295+00:00,0.09840283340522604,0.1
73.0,78,0.0,4.5,160,40,121.0,505.8,33.0,67.04166666666667,5.016666666666667,182.5,0.0,68.82638888888889,5.793055555555556,150.0,0.0,62.354166666666664,3.9499999999999997,153.125,201.1833333333333,32.375,7,189,2026-07-08 20:00:00,2026-07-08 16:00:00-04:00,2026-07-05 04:32:11.363295+00:00,0.09904855286488615,0.1
68.9,73,0.0,7.6,130,5,10.0,82.8,5.0,67.325,5.091666666666667,182.5,0.0,68.77083333333333,5.833333333333333,150.0,0.0,62.354166666666664,3.9499999999999997,153.125,201.1833333333333,32.375,7,189,2026-07-08 21:00:00,2026-07-08 17:00:00-04:00,2026-07-05 04:32:11.363295+00:00,0.10749547277740984,0.1
68.9,63,0.0,7.8,156,6,0.0,0.0,0.0,67.66250000000001,5.145833333333333,182.5,0.0,68.74305555555556,5.881944444444445,151.0,0.0,62.354166666666664,3.9499999999999997,153.125,201.1833333333333,32.375,7,189,2026-07-08 22:00:00,2026-07-08 18:00:00-04:00,2026-07-05 04:32:11.363295+00:00,0.10749547277740984,0.1
69.4,61,0.0,9.2,173,7,0.0,0.0,0.0,68.075,5.258333333333334,182.5,0.0,68.7527777777778,5.95,152.5,0.0,62.354166666666664,3.9499999999999997,153.125,201.1833333333333,32.375,7,189,2026-07-08 23:00:00,2026-07-08 19:00:00-04:00,2026-07-05 04:32:11.363295+00:00,0.10749547277740984,0.1
68.2,65,0.0,9.4,175,46,0.0,0.0,0.0,68.47916666666667,5.416666666666667,182.5,0.0,68.76944444444445,6.040277777777778,154.5,0.0,62.354166666666664,3.9499999999999997,153.125,201.1833333333333,32.375,7,189,2026-07-09 00:00:00,2026-07-08 20:00:00-04:00,2026-07-05 04:32:11.363295+00:00,0.10749547277740984,0.1
66.6,66,0.0,9.0,174,89,0.0,0.0,0.0,68.85416666666667,5.566666666666666,182.5,0.0,68.77916666666665,6.137499999999999,156.5,0.0,62.354166666666664,3.9499999999999997,153.125,201.1833333333333,32.375,7,189,2026-07-09 01:00:00,2026-07-08 21:00:00-04:00,2026-07-05 04:32:11.363295+00:00,0.10825658874924789,0.1
65.3,67,0.0,8.3,175,100,0.0,0.0,0.0,69.2,5.729166666666667,182.5,0.0,68.7875,6.229166666666667,156.5,0.0,62.354166666666664,3.9499999999999997,153.125,201.1833333333333,32.375,7,189,2026-07-09 02:00:00,2026-07-08 22:00:00-04:00,2026-07-05 04:32:11.363295+00:00,0.11676207431820705,0.1
64.6,68,0.0,7.8,178,100,0.0,0.0,0.0,69.53750000000001,5.866666666666667,182.5,0.0,68.80277777777778,6.290277777777778,156.5,0.0,62.354166666666664,3.9499999999999997,153.125,201.1833333333333,32.375,7,189,2026-07-09 03:00:00,2026-07-08 23:00:00-04:00,2026-07-05 04:32:11.363295+00:00,0.11676207431820705,0.1
64.2,71,0.0,7.9,170,100,0.0,0.0,0.0,69.88333333333334,6.0,182.5,0.0,68.81666666666666,6.359722222222222,156.5,0.0,68.91250000000001,5.204166666666667,340.8333333333333,462.45416666666665,58.25,7,190,2026-07-09 04:00:00,2026-07-09 00:00:00-04:00,2026-07-05 04:32:11.363295+00:00,0.09997129577351271,0.1
64.4,73,0.0,9.0,173,100,0.0,0.0,0.0,70.275,6.183333333333333,182.5,0.0,68.83472222222221,6.440277777777777,158.5,0.0,68.91250000000001,5.204166666666667,340.8333333333333,462.45416666666665,58.25,7,190,2026-07-09 05:00:00,2026-07-09 01:00:00-04:00,2026-07-05 04:32:11.363295+00:00,0.10587208477151194,0.1
63.1,83,0.0,8.8,173,94,14.0,120.2,6.0,70.58749999999999,6.3625,182.5,0.0,68.82777777777778,6.509722222222222,160.0,0.0,68.91250000000001,5.204166666666667,340.8333333333333,462.45416666666665,58.25,7,190,2026-07-09 06:00:00,2026-07-09 02:00:00-04:00,2026-07-05 04:32:11.363295+00:00,0.10587208477151194,0.1
65.5,85,0.0,9.8,181,87,128.0,477.1,39.0,70.83749999999999,6.583333333333333,183.0,0.0,68.80000000000001,6.615277777777778,160.5,0.0,68.91250000000001,5.204166666666667,340.8333333333333,462.45416666666665,58.25,7,190,2026-07-09 07:00:00,2026-07-09 03:00:00-04:00,2026-07-05 04:32:11.363295+00:00,0.10587208477151194,0.1
68.2,83,0.0,11.4,183,99,291.0,613.9,71.0,71.03333333333333,6.841666666666668,182.0,0.0,68.71944444444445,6.683333333333334,162.5,0.0,68.91250000000001,5.204166666666667,340.8333333333333,462.45416666666665,58.25,7,190,2026-07-09 08:00:00,2026-07-09 04:00:00-04:00,2026-07-05 04:32:11.363295+00:00,0.10722775830981662,0.1
71.2,79,0.0,12.9,188,100,466.0,719.6,89.0,71.23333333333333,7.170833333333333,182.0,0.0,68.64166666666668,6.743055555555555,165.0,0.0,68.91250000000001,5.204166666666667,340.8333333333333,462.45416666666665,58.25,7,190,2026-07-09 09:00:00,2026-07-09 05:00:00-04:00,2026-07-05 04:32:11.363295+00:00,0.1024310374964211,0.1
74.1,77,0.0,12.1,191,92,628.0,785.9,100.0,71.42083333333333,7.479166666666668,182.0,0.0,68.57222222222222,6.820833333333334,166.5,0.0,68.91250000000001,5.204166666666667,340.8333333333333,462.45416666666665,58.25,7,190,2026-07-09 10:00:00,2026-07-09 06:00:00-04:00,2026-07-05 04:32:11.363295+00:00,0.11710715619109414,0.1
75.0,78,0.0,10.6,186,100,346.0,195.7,191.0,71.52499999999999,7.708333333333333,182.0,0.0,68.48611111111111,6.8388888888888895,169.5,0.0,68.91250000000001,5.204166666666667,340.8333333333333,462.45416666666665,58.25,7,190,2026-07-09 11:00:00,2026-07-09 07:00:00-04:00,2026-07-05 04:32:11.363295+00:00,0.11775287565075425,0.1
75.0,76,0.004,9.0,174,100,206.0,98.1,120.0,71.55416666666666,7.879166666666667,179.5,0.004,68.39722222222223,6.8291666666666675,171.5,0.004,68.91250000000001,5.204166666666667,340.8333333333333,462.45416666666665,58.25,7,190,2026-07-09 12:00:00,2026-07-09 08:00:00-04:00,2026-07-05 04:32:11.363295+00:00,0.12259415533095645,0.1
73.9,86,0.035,6.7,184,100,226.0,100.1,134.0,71.45416666666667,7.954166666666667,179.5,0.03900000000000001,68.28194444444443,6.794444444444444,173.0,0.03900000000000001,68.91250000000001,5.204166666666667,340.8333333333333,462.45416666666665,58.25,7,190,2026-07-09 13:00:00,2026-07-09 09:00:00-04:00,2026-07-05 04:32:11.363295+00:00,0.12307874201090947,0.1
72.1,88,0.047,4.5,279,100,111.0,43.6,71.0,71.19583333333334,7.941666666666666,179.5,0.08600000000000001,68.15,6.722222222222222,173.0,0.08600000000000001,68.91250000000001,5.204166666666667,340.8333333333333,462.45416666666665,58.25,7,190,2026-07-09 14:00:00,2026-07-09 10:00:00-04:00,2026-07-05 04:32:11.363295+00:00,0.11881827764256589,0.1
70.8,91,0.016,2.7,279,100,71.0,24.1,50.0,70.81666666666668,7.825,179.5,0.10200000000000001,67.99166666666667,6.623611111111111,173.5,0.10200000000000001,68.91250000000001,5.204166666666667,340.8333333333333,462.45416666666665,58.25,7,190,2026-07-09 15:00:00,2026-07-09 11:00:00-04:00,2026-07-05 04:32:11.363295+00:00,0.12584092151577278,0.1
69.4,95,0.016,1.3,180,100,56.0,19.1,41.0,70.35833333333333,7.6125,179.0,0.11800000000000001,67.82361111111112,6.4944444444444445,174.0,0.11800000000000001,68.91250000000001,5.204166666666667,340.8333333333333,462.45416666666665,58.25,7,190,2026-07-09 16:00:00,2026-07-09 12:00:00-04:00,2026-07-05 04:32:11.363295+00:00,0.12550607711835965,0.1
68.2,97,0.016,3.5,145,100,47.0,19.7,34.0,69.8875,7.5,176.5,0.134,67.63749999999999,6.425000000000001,174.0,0.134,68.91250000000001,5.204166666666667,340.8333333333333,462.45416666666665,58.25,7,190,2026-07-09 17:00:00,2026-07-09 13:00:00-04:00,2026-07-05 04:32:11.363295+00:00,0.07648099722816547,0.1
67.5,97,0.008,4.2,144,100,38.0,21.5,27.0,69.40833333333333,7.516666666666667,175.0,0.14200000000000002,67.47916666666667,6.361111111111111,174.0,0.14200000000000002,68.91250000000001,5.204166666666667,340.8333333333333,462.45416666666665,58.25,7,190,2026-07-09 18:00:00,2026-07-09 14:00:00-04:00,2026-07-05 04:32:11.363295+00:00,0.06892909743862698,0.1
66.9,96,0.008,4.1,151,100,31.0,31.9,20.0,68.93333333333334,7.587500000000001,174.5,0.15000000000000002,67.35416666666667,6.330555555555556,174.0,0.15000000000000002,68.91250000000001,5.204166666666667,340.8333333333333,462.45416666666665,58.25,7,190,2026-07-09 19:00:00,2026-07-09 15:00:00-04:00,2026-07-05 04:32:11.363295+00:00,0.06892909743862698,0.1
66.6,96,0.008,4.1,158,100,20.0,46.3,12.0,68.66666666666667,7.570833333333334,174.5,0.158,67.28888888888888,6.308333333333334,174.0,0.158,68.91250000000001,5.204166666666667,340.8333333333333,462.45416666666665,58.25,7,190,2026-07-09 20:00:00,2026-07-09 16:00:00-04:00,2026-07-05 04:32:11.363295+00:00,0.06892909743862698,0.1
66.3,97,0.004,4.0,164,100,4.0,33.4,2.0,68.55833333333332,7.420833333333333,174.5,0.162,67.30833333333334,6.276388888888889,174.0,0.162,68.91250000000001,5.204166666666667,340.8333333333333,462.45416666666665,58.25,7,190,2026-07-09 21:00:00,2026-07-09 17:00:00-04:00,2026-07-05 04:32:11.363295+00:00,0.06892909743862698,0.1
66.1,97,0.004,3.9,167,100,0.0,0.0,0.0,68.44166666666668,7.258333333333334,174.5,0.166,67.36250000000001,6.252777777777778,174.0,0.166,68.91250000000001,5.204166666666667,340.8333333333333,462.45416666666665,58.25,7,190,2026-07-09 22:00:00,2026-07-09 18:00:00-04:00,2026-07-05 04:32:11.363295+00:00,0.06892909743862698,0.1
66.0,98,0.004,3.6,173,100,0.0,0.0,0.0,68.3,7.0249999999999995,174.5,0.17,67.42500000000001,6.220833333333333,174.0,0.17,68.91250000000001,5.204166666666667,340.8333333333333,462.45416666666665,58.25,7,190,2026-07-09 23:00:00,2026-07-09 19:00:00-04:00,2026-07-05 04:32:11.363295+00:00,0.06892909743862698,0.1
66.0,98,0.004,3.1,180,100,0.0,0.0,0.0,68.20833333333333,6.7625,174.5,0.17400000000000002,67.49444444444445,6.1875,174.5,0.17400000000000002,68.91250000000001,5.204166666666667,340.8333333333333,462.45416666666665,58.25,7,190,2026-07-10 00:00:00,2026-07-09 20:00:00-04:00,2026-07-05 04:32:11.363295+00:00,0.06892909743862698,0.1
66.0,98,0.004,2.5,185,100,0.0,0.0,0.0,68.18333333333334,6.491666666666667,176.5,0.17800000000000002,67.5638888888889,6.143055555555556,175.0,0.17800000000000002,68.91250000000001,5.204166666666667,340.8333333333333,462.45416666666665,58.25,7,190,2026-07-10 01:00:00,2026-07-09 21:00:00-04:00,2026-07-05 04:32:11.363295+00:00,0.07686658654068305,0.1
66.0,98,0.004,2.0,186,100,0.0,0.0,0.0,68.2125,6.229166666666667,179.0,0.182,67.63333333333334,6.102777777777778,176.0,0.182,68.91250000000001,5.204166666666667,340.8333333333333,462.45416666666665,58.25,7,190,2026-07-10 02:00:00,2026-07-09 22:00:00-04:00,2026-07-05 04:32:11.363295+00:00,0.07667850252629552,0.1
65.8,98,0.008,2.3,163,100,0.0,0.0,0.0,68.2625,6.0,177.0,0.19,67.72222222222223,6.063888888888889,176.0,0.19,68.91250000000001,5.204166666666667,340.8333333333333,462.45416666666665,58.25,7,190,2026-07-10 03:00:00,2026-07-09 23:00:00-04:00,2026-07-05 04:32:11.363295+00:00,0.11247751099133503,0.1
