datetime,temp_f,relative_humidity_pct,precipitation_in,wind_speed_mph,wind_direction_deg,cloud_cover_pct,shortwave_radiation,direct_normal_irr,diffuse_radiation,uv_index,fetched_at,latitude,longitude,utc_offset_seconds,timezone_abbrev,date,hour,day_of_week,is_daytime,wind_cardinal,total_irradiance,is_sunny,uv_risk,is_raining,feels_like_f
2026-07-03 00:00:00,81.1,64,0.0,2.8,252,0,0.0,0.0,0.0,0.0,2026-07-03 15:52:57.553645+00:00,44.4759,-73.2121,-14400,GMT-4,2026-07-03,0,Friday,False,WSW,0.0,False,Low,False,83.8
2026-07-03 01:00:00,78.6,74,0.0,1.4,198,0,0.0,0.0,0.0,0.0,2026-07-03 15:52:57.553645+00:00,44.4759,-73.2121,-14400,GMT-4,2026-07-03,1,Friday,False,SSW,0.0,False,Low,False,78.6
2026-07-03 02:00:00,77.6,73,0.0,2.6,211,0,0.0,0.0,0.0,0.0,2026-07-03 15:52:57.553645+00:00,44.4759,-73.2121,-14400,GMT-4,2026-07-03,2,Friday,False,SSW,0.0,False,Low,False,77.6
2026-07-03 03:00:00,76.7,74,0.0,2.7,189,0,0.0,0.0,0.0,0.0,2026-07-03 15:52:57.553645+00:00,44.4759,-73.2121,-14400,GMT-4,2026-07-03,3,Friday,False,S,0.0,False,Low,False,76.7
2026-07-03 04:00:00,76.1,75,0.0,4.4,221,0,0.0,0.0,0.0,0.0,2026-07-03 15:52:57.553645+00:00,44.4759,-73.2121,-14400,GMT-4,2026-07-03,4,Friday,False,SW,0.0,False,Low,False,76.1
2026-07-03 05:00:00,75.8,72,0.0,2.7,189,0,0.0,0.0,0.0,0.0,2026-07-03 15:52:57.553645+00:00,44.4759,-73.2121,-14400,GMT-4,2026-07-03,5,Friday,False,S,0.0,False,Low,False,75.8
2026-07-03 06:00:00,75.0,74,0.0,3.9,211,0,21.0,70.2,16.0,0.1,2026-07-03 15:52:57.553645+00:00,44.4759,-73.2121,-14400,GMT-4,2026-07-03,6,Friday,True,SSW,37.0,False,Low,False,75.0
2026-07-03 07:00:00,76.8,72,0.0,4.6,241,0,150.0,474.4,57.0,0.7,2026-07-03 15:52:57.553645+00:00,44.4759,-73.2121,-14400,GMT-4,2026-07-03,7,Friday,True,WSW,207.0,False,Low,False,76.8
2026-07-03 08:00:00,78.7,69,0.0,4.1,241,0,320.0,634.9,87.0,1.8,2026-07-03 15:52:57.553645+00:00,44.4759,-73.2121,-14400,GMT-4,2026-07-03,8,Friday,True,WSW,407.0,True,Low,False,78.7
2026-07-03 09:00:00,80.9,63,0.0,5.9,233,38,494.0,726.2,108.0,3.25,2026-07-03 15:52:57.553645+00:00,44.4759,-73.2121,-14400,GMT-4,2026-07-03,9,Friday,True,SW,602.0,True,Moderate,False,83.4
2026-07-03 10:00:00,83.0,59,0.0,6.7,217,0,657.0,772.3,133.0,4.8,2026-07-03 15:52:57.553645+00:00,44.4759,-73.2121,-14400,GMT-4,2026-07-03,10,Friday,True,SW,790.0,True,Moderate,False,85.7
2026-07-03 11:00:00,85.9,54,0.0,6.5,236,0,787.0,814.7,137.0,6.2,2026-07-03 15:52:57.553645+00:00,44.4759,-73.2121,-14400,GMT-4,2026-07-03,11,Friday,True,SW,924.0,True,High,False,88.9
2026-07-03 12:00:00,88.8,50,0.0,6.7,255,0,878.0,830.4,146.0,7.2,2026-07-03 15:52:57.553645+00:00,44.4759,-73.2121,-14400,GMT-4,2026-07-03,12,Friday,True,WSW,1024.0,True,High,False,92.4
2026-07-03 13:00:00,90.5,44,0.0,9.2,273,0,920.0,832.6,151.0,7.75,2026-07-03 15:52:57.553645+00:00,44.4759,-73.2121,-14400,GMT-4,2026-07-03,13,Friday,True,W,1071.0,True,High,False,92.9
2026-07-03 14:00:00,90.5,37,0.0,12.7,280,0,910.0,823.8,151.0,7.7,2026-07-03 15:52:57.553645+00:00,44.4759,-73.2121,-14400,GMT-4,2026-07-03,14,Friday,True,W,1061.0,True,High,False,90.4
2026-07-03 15:00:00,90.9,42,0.0,12.3,289,0,849.0,797.8,151.0,7.0,2026-07-03 15:52:57.553645+00:00,44.4759,-73.2121,-14400,GMT-4,2026-07-03,15,Friday,True,WNW,1000.0,True,High,False,92.8
2026-07-03 16:00:00,90.7,44,0.0,12.7,284,0,692.0,699.7,141.0,6.05,2026-07-03 15:52:57.553645+00:00,44.4759,-73.2121,-14400,GMT-4,2026-07-03,16,Friday,True,WNW,833.0,True,High,False,93.3
2026-07-03 17:00:00,89.7,47,0.0,13.9,281,22,602.0,649.6,170.0,4.65,2026-07-03 15:52:57.553645+00:00,44.4759,-73.2121,-14400,GMT-4,2026-07-03,17,Friday,True,W,772.0,True,Moderate,False,92.8
2026-07-03 18:00:00,88.4,49,0.0,12.5,285,0,431.0,589.4,127.0,3.1,2026-07-03 15:52:57.553645+00:00,44.4759,-73.2121,-14400,GMT-4,2026-07-03,18,Friday,True,WNW,558.0,True,Moderate,False,91.3
2026-07-03 19:00:00,86.8,52,0.0,9.0,277,0,251.0,420.1,104.0,1.65,2026-07-03 15:52:57.553645+00:00,44.4759,-73.2121,-14400,GMT-4,2026-07-03,19,Friday,True,W,355.0,True,Low,False,89.7
2026-07-03 20:00:00,76.9,70,0.0,15.0,309,50,53.0,0.0,64.0,0.6,2026-07-03 15:52:57.553645+00:00,44.4759,-73.2121,-14400,GMT-4,2026-07-03,20,Friday,True,NW,117.0,False,Low,False,76.9
2026-07-03 21:00:00,77.6,67,0.0,7.8,270,100,0.0,0.0,0.0,0.05,2026-07-03 15:52:57.553645+00:00,44.4759,-73.2121,-14400,GMT-4,2026-07-03,21,Friday,False,W,0.0,False,Low,False,77.6
2026-07-03 22:00:00,76.6,80,0.0,2.9,231,72,0.0,0.0,0.0,0.0,2026-07-03 15:52:57.553645+00:00,44.4759,-73.2121,-14400,GMT-4,2026-07-03,22,Friday,False,SW,0.0,False,Low,False,76.6
2026-07-03 23:00:00,75.8,79,0.0,2.9,180,1,0.0,0.0,0.0,0.0,2026-07-03 15:52:57.553645+00:00,44.4759,-73.2121,-14400,GMT-4,2026-07-03,23,Friday,False,S,0.0,False,Low,False,75.8
2026-07-04 00:00:00,75.1,80,0.0,3.2,172,100,0.0,0.0,0.0,0.0,2026-07-03 15:52:57.553645+00:00,44.4759,-73.2121,-14400,GMT-4,2026-07-04,0,Saturday,False,S,0.0,False,Low,False,75.1
2026-07-04 01:00:00,74.6,81,0.0,5.0,198,54,0.0,0.0,0.0,0.0,2026-07-03 15:52:57.553645+00:00,44.4759,-73.2121,-14400,GMT-4,2026-07-04,1,Saturday,False,SSW,0.0,False,Low,False,74.6
2026-07-04 02:00:00,74.4,80,0.0,5.6,196,100,0.0,0.0,0.0,0.0,2026-07-03 15:52:57.553645+00:00,44.4759,-73.2121,-14400,GMT-4,2026-07-04,2,Saturday,False,SSW,0.0,False,Low,False,74.4
2026-07-04 03:00:00,74.8,80,0.0,4.8,202,41,0.0,0.0,0.0,0.0,2026-07-03 15:52:57.553645+00:00,44.4759,-73.2121,-14400,GMT-4,2026-07-04,3,Saturday,False,SSW,0.0,False,Low,False,74.8
2026-07-04 04:00:00,76.3,84,0.0,4.0,270,100,0.0,0.0,0.0,0.0,2026-07-03 15:52:57.553645+00:00,44.4759,-73.2121,-14400,GMT-4,2026-07-04,4,Saturday,False,W,0.0,False,Low,False,76.3
2026-07-04 05:00:00,74.6,83,0.0,3.0,287,17,0.0,0.0,0.0,0.0,2026-07-03 15:52:57.553645+00:00,44.4759,-73.2121,-14400,GMT-4,2026-07-04,5,Saturday,False,WNW,0.0,False,Low,False,74.6
2026-07-04 06:00:00,74.7,82,0.0,2.6,285,100,4.0,0.0,4.0,0.1,2026-07-03 15:52:57.553645+00:00,44.4759,-73.2121,-14400,GMT-4,2026-07-04,6,Saturday,True,WNW,8.0,False,Low,False,74.7
2026-07-04 07:00:00,75.7,72,0.0,4.3,309,56,97.0,61.7,85.0,0.7,2026-07-03 15:52:57.553645+00:00,44.4759,-73.2121,-14400,GMT-4,2026-07-04,7,Saturday,True,NW,182.0,False,Low,False,75.7
2026-07-04 08:00:00,75.6,71,0.0,6.7,339,63,177.0,46.5,160.0,1.8,2026-07-03 15:52:57.553645+00:00,44.4759,-73.2121,-14400,GMT-4,2026-07-04,8,Saturday,True,NNW,337.0,False,Low,False,75.6
2026-07-04 09:00:00,76.2,70,0.0,10.1,339,61,395.0,358.3,205.0,3.2,2026-07-03 15:52:57.553645+00:00,44.4759,-73.2121,-14400,GMT-4,2026-07-04,9,Saturday,True,NNW,600.0,False,Moderate,False,76.2
2026-07-04 10:00:00,77.1,62,0.0,8.9,335,59,470.0,296.7,269.0,4.7,2026-07-03 15:52:57.553645+00:00,44.4759,-73.2121,-14400,GMT-4,2026-07-04,10,Saturday,True,NNW,739.0,False,Moderate,False,77.1
2026-07-04 11:00:00,79.0,58,0.0,7.2,330,66,685.0,515.7,274.0,6.1,2026-07-03 15:52:57.553645+00:00,44.4759,-73.2121,-14400,GMT-4,2026-07-04,11,Saturday,True,NNW,959.0,False,High,False,79.0
2026-07-04 12:00:00,80.8,53,0.0,8.9,328,12,841.0,638.1,279.0,6.5,2026-07-03 15:52:57.553645+00:00,44.4759,-73.2121,-14400,GMT-4,2026-07-04,12,Saturday,True,NNW,1120.0,True,High,False,81.9
2026-07-04 13:00:00,81.1,49,0.0,10.6,325,72,746.0,441.0,339.0,7.65,2026-07-03 15:52:57.553645+00:00,44.4759,-73.2121,-14400,GMT-4,2026-07-04,13,Saturday,True,NW,1085.0,False,High,False,81.7
2026-07-04 14:00:00,81.7,42,0.0,9.9,322,15,857.0,591.8,312.0,7.55,2026-07-03 15:52:57.553645+00:00,44.4759,-73.2121,-14400,GMT-4,2026-07-04,14,Saturday,True,NW,1169.0,True,High,False,81.4
2026-07-04 15:00:00,82.1,42,0.0,9.8,323,4,813.0,587.7,299.0,4.8,2026-07-03 15:52:57.553645+00:00,44.4759,-73.2121,-14400,GMT-4,2026-07-04,15,Saturday,True,NW,1112.0,True,Moderate,False,81.8
2026-07-04 16:00:00,82.1,41,0.0,8.8,328,7,737.0,668.2,211.0,5.95,2026-07-03 15:52:57.553645+00:00,44.4759,-73.2121,-14400,GMT-4,2026-07-04,16,Saturday,True,NNW,948.0,True,Moderate,False,81.7
2026-07-04 17:00:00,81.5,39,0.0,8.8,333,100,556.0,267.8,378.0,4.55,2026-07-03 15:52:57.553645+00:00,44.4759,-73.2121,-14400,GMT-4,2026-07-04,17,Saturday,True,NNW,934.0,False,Moderate,False,80.9
2026-07-04 18:00:00,80.6,39,0.0,8.2,334,100,370.0,166.9,284.0,3.05,2026-07-03 15:52:57.553645+00:00,44.4759,-73.2121,-14400,GMT-4,2026-07-04,18,Saturday,True,NNW,654.0,False,Moderate,False,80.3
2026-07-04 19:00:00,79.3,40,0.0,6.8,333,42,209.0,28.6,199.0,1.65,2026-07-03 15:52:57.553645+00:00,44.4759,-73.2121,-14400,GMT-4,2026-07-04,19,Saturday,True,NNW,408.0,False,Low,False,79.3
2026-07-04 20:00:00,76.3,48,0.0,5.8,344,100,54.0,0.0,54.0,0.6,2026-07-03 15:52:57.553645+00:00,44.4759,-73.2121,-14400,GMT-4,2026-07-04,20,Saturday,True,NNW,108.0,False,Low,False,76.3
2026-07-04 21:00:00,74.7,52,0.0,4.0,341,100,0.0,0.0,0.0,0.05,2026-07-03 15:52:57.553645+00:00,44.4759,-73.2121,-14400,GMT-4,2026-07-04,21,Saturday,False,NNW,0.0,False,Low,False,74.7
2026-07-04 22:00:00,71.9,58,0.0,3.9,329,100,0.0,0.0,0.0,0.0,2026-07-03 15:52:57.553645+00:00,44.4759,-73.2121,-14400,GMT-4,2026-07-04,22,Saturday,False,NNW,0.0,False,Low,False,71.9
2026-07-04 23:00:00,70.4,63,0.0,2.5,360,100,0.0,0.0,0.0,0.0,2026-07-03 15:52:57.553645+00:00,44.4759,-73.2121,-14400,GMT-4,2026-07-04,23,Saturday,False,N,0.0,False,Low,False,70.4
2026-07-05 00:00:00,69.3,66,0.0,3.6,11,100,0.0,0.0,0.0,0.0,2026-07-03 15:52:57.553645+00:00,44.4759,-73.2121,-14400,GMT-4,2026-07-05,0,Sunday,False,N,0.0,False,Low,False,69.3
2026-07-05 01:00:00,67.7,70,0.0,3.2,348,100,0.0,0.0,0.0,0.0,2026-07-03 15:52:57.553645+00:00,44.4759,-73.2121,-14400,GMT-4,2026-07-05,1,Sunday,False,NNW,0.0,False,Low,False,67.7
2026-07-05 02:00:00,66.6,74,0.0,2.2,354,11,0.0,0.0,0.0,0.0,2026-07-03 15:52:57.553645+00:00,44.4759,-73.2121,-14400,GMT-4,2026-07-05,2,Sunday,False,N,0.0,False,Low,False,66.6
2026-07-05 03:00:00,65.4,76,0.0,2.3,349,3,0.0,0.0,0.0,0.0,2026-07-03 15:52:57.553645+00:00,44.4759,-73.2121,-14400,GMT-4,2026-07-05,3,Sunday,False,N,0.0,False,Low,False,65.4
2026-07-05 04:00:00,64.3,78,0.0,3.1,30,0,0.0,0.0,0.0,0.0,2026-07-03 15:52:57.553645+00:00,44.4759,-73.2121,-14400,GMT-4,2026-07-05,4,Sunday,False,NNE,0.0,False,Low,False,64.3
2026-07-05 05:00:00,63.4,78,0.0,4.3,28,0,0.0,0.0,0.0,0.0,2026-07-03 15:52:57.553645+00:00,44.4759,-73.2121,-14400,GMT-4,2026-07-05,5,Sunday,False,NNE,0.0,False,Low,False,63.4
2026-07-05 06:00:00,61.9,79,0.0,3.2,89,5,20.0,132.5,10.8,0.1,2026-07-03 15:52:57.553645+00:00,44.4759,-73.2121,-14400,GMT-4,2026-07-05,6,Sunday,True,E,30.8,False,Low,False,61.9
2026-07-05 07:00:00,64.5,77,0.0,1.2,47,21,150.0,556.2,42.5,0.65,2026-07-03 15:52:57.553645+00:00,44.4759,-73.2121,-14400,GMT-4,2026-07-05,7,Sunday,True,NE,192.5,False,Low,False,64.5
2026-07-05 08:00:00,66.6,75,0.0,1.8,334,11,323.0,716.3,61.8,1.75,2026-07-03 15:52:57.553645+00:00,44.4759,-73.2121,-14400,GMT-4,2026-07-05,8,Sunday,True,NNW,384.8,True,Low,False,66.6
2026-07-05 09:00:00,67.5,72,0.0,3.3,318,62,487.0,736.2,97.0,3.05,2026-07-03 15:52:57.553645+00:00,44.4759,-73.2121,-14400,GMT-4,2026-07-05,9,Sunday,True,NW,584.0,False,Moderate,False,67.5
2026-07-05 10:00:00,69.6,69,0.0,4.5,307,50,666.0,861.2,83.0,4.65,2026-07-03 15:52:57.553645+00:00,44.4759,-73.2121,-14400,GMT-4,2026-07-05,10,Sunday,True,NW,749.0,False,Moderate,False,69.6
2026-07-05 11:00:00,71.1,65,0.0,5.2,295,100,747.0,650.3,229.0,5.65,2026-07-03 15:52:57.553645+00:00,44.4759,-73.2121,-14400,GMT-4,2026-07-05,11,Sunday,True,WNW,976.0,False,Moderate,False,71.1
2026-07-05 12:00:00,73.0,61,0.0,6.3,293,72,902.0,917.9,94.0,7.05,2026-07-03 15:52:57.553645+00:00,44.4759,-73.2121,-14400,GMT-4,2026-07-05,12,Sunday,True,WNW,996.0,False,High,False,73.0
2026-07-05 13:00:00,73.4,59,0.0,7.0,297,100,892.0,666.7,277.0,7.05,2026-07-03 15:52:57.553645+00:00,44.4759,-73.2121,-14400,GMT-4,2026-07-05,13,Sunday,True,WNW,1169.0,False,High,False,73.4
2026-07-05 14:00:00,73.4,59,0.0,6.7,290,100,811.0,508.5,343.0,6.4,2026-07-03 15:52:57.553645+00:00,44.4759,-73.2121,-14400,GMT-4,2026-07-05,14,Sunday,True,WNW,1154.0,False,High,False,73.4
2026-07-05 15:00:00,73.4,60,0.0,5.9,288,100,726.0,456.6,327.0,5.8,2026-07-03 15:52:57.553645+00:00,44.4759,-73.2121,-14400,GMT-4,2026-07-05,15,Sunday,True,WNW,1053.0,False,Moderate,False,73.4
2026-07-05 16:00:00,74.3,58,0.0,5.1,308,100,689.0,513.8,285.0,5.15,2026-07-03 15:52:57.553645+00:00,44.4759,-73.2121,-14400,GMT-4,2026-07-05,16,Sunday,True,NW,974.0,False,Moderate,False,74.3
2026-07-05 17:00:00,74.8,62,0.0,4.0,341,100,522.0,423.5,241.0,3.8,2026-07-03 15:52:57.553645+00:00,44.4759,-73.2121,-14400,GMT-4,2026-07-05,17,Sunday,True,NNW,763.0,False,Moderate,False,74.8
2026-07-05 18:00:00,75.0,69,0.0,4.1,351,100,417.0,488.2,166.0,2.7,2026-07-03 15:52:57.553645+00:00,44.4759,-73.2121,-14400,GMT-4,2026-07-05,18,Sunday,True,N,583.0,False,Low,False,75.0
2026-07-05 19:00:00,72.0,74,0.0,3.4,352,100,198.0,284.5,99.0,1.3,2026-07-03 15:52:57.553645+00:00,44.4759,-73.2121,-14400,GMT-4,2026-07-05,19,Sunday,True,N,297.0,False,Low,False,72.0
2026-07-05 20:00:00,68.0,78,0.0,2.0,360,18,129.0,538.1,34.0,0.6,2026-07-03 15:52:57.553645+00:00,44.4759,-73.2121,-14400,GMT-4,2026-07-05,20,Sunday,True,N,163.0,False,Low,False,68.0
2026-07-05 21:00:00,64.0,83,0.0,1.7,67,86,12.0,113.4,5.0,0.05,2026-07-03 15:52:57.553645+00:00,44.4759,-73.2121,-14400,GMT-4,2026-07-05,21,Sunday,False,ENE,17.0,False,Low,False,64.0
2026-07-05 22:00:00,62.2,84,0.0,3.4,157,17,0.0,0.0,0.0,0.0,2026-07-03 15:52:57.553645+00:00,44.4759,-73.2121,-14400,GMT-4,2026-07-05,22,Sunday,False,SSE,0.0,False,Low,False,62.2
2026-07-05 23:00:00,60.6,83,0.0,2.5,117,29,0.0,0.0,0.0,0.0,2026-07-03 15:52:57.553645+00:00,44.4759,-73.2121,-14400,GMT-4,2026-07-05,23,Sunday,False,ESE,0.0,False,Low,False,60.6
2026-07-06 00:00:00,60.1,80,0.0,2.5,135,72,0.0,0.0,0.0,0.0,2026-07-03 15:52:57.553645+00:00,44.4759,-73.2121,-14400,GMT-4,2026-07-06,0,Monday,False,SE,0.0,False,Low,False,60.1
2026-07-06 01:00:00,59.9,78,0.0,2.8,119,100,0.0,0.0,0.0,0.0,2026-07-03 15:52:57.553645+00:00,44.4759,-73.2121,-14400,GMT-4,2026-07-06,1,Monday,False,ESE,0.0,False,Low,False,59.9
2026-07-06 02:00:00,59.2,80,0.0,2.4,146,100,0.0,0.0,0.0,0.0,2026-07-03 15:52:57.553645+00:00,44.4759,-73.2121,-14400,GMT-4,2026-07-06,2,Monday,False,SE,0.0,False,Low,False,59.2
2026-07-06 03:00:00,59.0,79,0.0,3.6,137,100,0.0,0.0,0.0,0.0,2026-07-03 15:52:57.553645+00:00,44.4759,-73.2121,-14400,GMT-4,2026-07-06,3,Monday,False,SE,0.0,False,Low,False,59.0
2026-07-06 04:00:00,59.0,79,0.0,4.2,155,100,0.0,0.0,0.0,0.0,2026-07-03 15:52:57.553645+00:00,44.4759,-73.2121,-14400,GMT-4,2026-07-06,4,Monday,False,SSE,0.0,False,Low,False,59.0
2026-07-06 05:00:00,57.4,81,0.0,6.2,136,100,0.0,0.0,0.0,0.0,2026-07-03 15:52:57.553645+00:00,44.4759,-73.2121,-14400,GMT-4,2026-07-06,5,Monday,False,SE,0.0,False,Low,False,57.4
2026-07-06 06:00:00,59.7,77,0.0,4.9,114,100,15.0,115.6,7.0,0.05,2026-07-03 15:52:57.553645+00:00,44.4759,-73.2121,-14400,GMT-4,2026-07-06,6,Monday,True,ESE,22.0,False,Low,False,59.7
2026-07-06 07:00:00,63.9,79,0.0,3.8,140,100,125.0,395.9,49.0,0.65,2026-07-03 15:52:57.553645+00:00,44.4759,-73.2121,-14400,GMT-4,2026-07-06,7,Monday,True,SE,174.0,False,Low,False,63.9
2026-07-06 08:00:00,68.4,75,0.0,4.3,137,100,227.0,313.7,113.0,1.5,2026-07-03 15:52:57.553645+00:00,44.4759,-73.2121,-14400,GMT-4,2026-07-06,8,Monday,True,SE,340.0,False,Low,False,68.4
2026-07-06 09:00:00,72.7,70,0.0,5.4,161,100,379.0,378.5,179.0,2.55,2026-07-03 15:52:57.553645+00:00,44.4759,-73.2121,-14400,GMT-4,2026-07-06,9,Monday,True,SSE,558.0,False,Low,False,72.7
2026-07-06 10:00:00,75.4,67,0.0,6.4,170,100,499.0,380.3,242.0,3.8,2026-07-03 15:52:57.553645+00:00,44.4759,-73.2121,-14400,GMT-4,2026-07-06,10,Monday,True,S,741.0,False,Moderate,False,75.4
2026-07-06 11:00:00,73.6,75,0.0,5.5,201,100,242.0,129.5,139.0,2.35,2026-07-03 15:52:57.553645+00:00,44.4759,-73.2121,-14400,GMT-4,2026-07-06,11,Monday,True,SSW,381.0,False,Low,False,73.6
2026-07-06 12:00:00,73.0,73,0.0,7.9,200,100,371.0,181.9,211.0,3.55,2026-07-03 15:52:57.553645+00:00,44.4759,-73.2121,-14400,GMT-4,2026-07-06,12,Monday,True,SSW,582.0,False,Moderate,False,73.0
2026-07-06 13:00:00,72.1,73,0.0,7.0,197,100,419.0,197.4,237.0,4.0,2026-07-03 15:52:57.553645+00:00,44.4759,-73.2121,-14400,GMT-4,2026-07-06,13,Monday,True,SSW,656.0,False,Moderate,False,72.1
2026-07-06 14:00:00,72.1,78,0.0,4.7,188,100,254.0,110.9,152.0,2.65,2026-07-03 15:52:57.553645+00:00,44.4759,-73.2121,-14400,GMT-4,2026-07-06,14,Monday,True,S,406.0,False,Low,False,72.1
2026-07-06 15:00:00,70.2,90,0.031,2.6,218,100,137.0,55.0,89.0,1.6,2026-07-03 15:52:57.553645+00:00,44.4759,-73.2121,-14400,GMT-4,2026-07-06,15,Monday,True,SW,226.0,False,Low,True,70.2
2026-07-06 16:00:00,68.5,91,0.016,6.2,193,100,107.0,45.8,71.0,1.3,2026-07-03 15:52:57.553645+00:00,44.4759,-73.2121,-14400,GMT-4,2026-07-06,16,Monday,True,SSW,178.0,False,Low,True,68.5
2026-07-06 17:00:00,65.1,96,0.0,8.1,204,100,92.0,52.8,57.0,1.0,2026-07-03 15:52:57.553645+00:00,44.4759,-73.2121,-14400,GMT-4,2026-07-06,17,Monday,True,SSW,149.0,False,Low,False,65.1
2026-07-06 18:00:00,64.0,97,0.0,6.2,193,100,43.0,29.2,28.0,0.5,2026-07-03 15:52:57.553645+00:00,44.4759,-73.2121,-14400,GMT-4,2026-07-06,18,Monday,True,SSW,71.0,False,Low,False,64.0
2026-07-06 19:00:00,63.7,96,0.004,6.9,193,100,26.0,25.9,17.0,0.3,2026-07-03 15:52:57.553645+00:00,44.4759,-73.2121,-14400,GMT-4,2026-07-06,19,Monday,True,SSW,43.0,False,Low,True,63.7
2026-07-06 20:00:00,62.1,96,0.004,3.7,166,100,19.0,39.8,12.0,0.15,2026-07-03 15:52:57.553645+00:00,44.4759,-73.2121,-14400,GMT-4,2026-07-06,20,Monday,True,SSE,31.0,False,Low,True,62.1
2026-07-06 21:00:00,60.6,96,0.0,4.8,169,100,4.0,32.6,2.0,0.0,2026-07-03 15:52:57.553645+00:00,44.4759,-73.2121,-14400,GMT-4,2026-07-06,21,Monday,False,S,6.0,False,Low,False,60.6
2026-07-06 22:00:00,59.7,95,0.0,4.3,133,100,0.0,0.0,0.0,0.0,2026-07-03 15:52:57.553645+00:00,44.4759,-73.2121,-14400,GMT-4,2026-07-06,22,Monday,False,SE,0.0,False,Low,False,59.7
2026-07-06 23:00:00,59.2,95,0.0,4.9,120,100,0.0,0.0,0.0,0.0,2026-07-03 15:52:57.553645+00:00,44.4759,-73.2121,-14400,GMT-4,2026-07-06,23,Monday,False,ESE,0.0,False,Low,False,59.2
2026-07-07 00:00:00,59.4,94,0.0,5.0,126,100,0.0,0.0,0.0,0.0,2026-07-03 15:52:57.553645+00:00,44.4759,-73.2121,-14400,GMT-4,2026-07-07,0,Tuesday,False,SE,0.0,False,Low,False,59.4
2026-07-07 01:00:00,59.0,95,0.0,4.4,131,100,0.0,0.0,0.0,0.0,2026-07-03 15:52:57.553645+00:00,44.4759,-73.2121,-14400,GMT-4,2026-07-07,1,Tuesday,False,SE,0.0,False,Low,False,59.0
2026-07-07 02:00:00,58.8,95,0.0,4.9,129,100,0.0,0.0,0.0,0.0,2026-07-03 15:52:57.553645+00:00,44.4759,-73.2121,-14400,GMT-4,2026-07-07,2,Tuesday,False,SE,0.0,False,Low,False,58.8
2026-07-07 03:00:00,58.8,95,0.0,5.5,133,100,0.0,0.0,0.0,0.0,2026-07-03 15:52:57.553645+00:00,44.4759,-73.2121,-14400,GMT-4,2026-07-07,3,Tuesday,False,SE,0.0,False,Low,False,58.8
2026-07-07 04:00:00,59.0,94,0.0,4.8,127,100,0.0,0.0,0.0,0.0,2026-07-03 15:52:57.553645+00:00,44.4759,-73.2121,-14400,GMT-4,2026-07-07,4,Tuesday,False,SE,0.0,False,Low,False,59.0
2026-07-07 05:00:00,59.0,95,0.004,4.2,122,100,0.0,0.0,0.0,0.0,2026-07-03 15:52:57.553645+00:00,44.4759,-73.2121,-14400,GMT-4,2026-07-07,5,Tuesday,False,ESE,0.0,False,Low,True,59.0
2026-07-07 06:00:00,59.4,94,0.004,3.6,112,100,1.0,0.0,1.0,0.0,2026-07-03 15:52:57.553645+00:00,44.4759,-73.2121,-14400,GMT-4,2026-07-07,6,Tuesday,True,ESE,2.0,False,Low,True,59.4
2026-07-07 07:00:00,59.2,95,0.028,4.5,123,100,3.0,0.0,3.0,0.05,2026-07-03 15:52:57.553645+00:00,44.4759,-73.2121,-14400,GMT-4,2026-07-07,7,Tuesday,True,ESE,6.0,False,Low,True,59.2
2026-07-07 08:00:00,59.4,96,0.012,3.8,118,100,8.0,5.5,6.0,0.1,2026-07-03 15:52:57.553645+00:00,44.4759,-73.2121,-14400,GMT-4,2026-07-07,8,Tuesday,True,ESE,14.0,False,Low,True,59.4
2026-07-07 09:00:00,60.6,95,0.004,2.4,131,100,54.0,38.0,34.0,0.6,2026-07-03 15:52:57.553645+00:00,44.4759,-73.2121,-14400,GMT-4,2026-07-07,9,Tuesday,True,SE,88.0,False,Low,True,60.6
2026-07-07 10:00:00,60.3,97,0.039,2.5,135,100,21.0,5.9,17.0,0.3,2026-07-03 15:52:57.553645+00:00,44.4759,-73.2121,-14400,GMT-4,2026-07-07,10,Tuesday,True,SE,38.0,False,Low,True,60.3
2026-07-07 11:00:00,60.4,97,0.016,2.5,135,100,25.0,6.3,20.0,0.4,2026-07-03 15:52:57.553645+00:00,44.4759,-73.2121,-14400,GMT-4,2026-07-07,11,Tuesday,True,SE,45.0,False,Low,True,60.4
2026-07-07 12:00:00,63.7,89,0.0,3.6,112,100,240.0,112.7,141.0,2.4,2026-07-03 15:52:57.553645+00:00,44.4759,-73.2121,-14400,GMT-4,2026-07-07,12,Tuesday,True,ESE,381.0,False,Low,False,63.7
2026-07-07 13:00:00,64.0,88,0.0,3.2,129,100,154.0,65.1,94.0,1.8,2026-07-03 15:52:57.553645+00:00,44.4759,-73.2121,-14400,GMT-4,2026-07-07,13,Tuesday,True,SE,248.0,False,Low,False,64.0
2026-07-07 14:00:00,65.1,84,0.0,4.3,141,100,224.0,99.0,133.0,2.45,2026-07-03 15:52:57.553645+00:00,44.4759,-73.2121,-14400,GMT-4,2026-07-07,14,Tuesday,True,SE,357.0,False,Low,False,65.1
2026-07-07 15:00:00,65.3,83,0.0,4.2,148,100,168.0,77.9,100.0,1.9,2026-07-03 15:52:57.553645+00:00,44.4759,-73.2121,-14400,GMT-4,2026-07-07,15,Tuesday,True,SSE,268.0,False,Low,False,65.3
2026-07-07 16:00:00,65.5,81,0.0,3.6,169,100,155.0,81.5,91.0,1.65,2026-07-03 15:52:57.553645+00:00,44.4759,-73.2121,-14400,GMT-4,2026-07-07,16,Tuesday,True,S,246.0,False,Low,False,65.5
2026-07-07 17:00:00,65.5,83,0.0,2.3,163,100,100.0,58.9,61.0,1.1,2026-07-03 15:52:57.553645+00:00,44.4759,-73.2121,-14400,GMT-4,2026-07-07,17,Tuesday,True,SSE,161.0,False,Low,False,65.5
2026-07-07 18:00:00,64.2,86,0.0,2.0,117,100,40.0,27.3,26.0,0.45,2026-07-03 15:52:57.553645+00:00,44.4759,-73.2121,-14400,GMT-4,2026-07-07,18,Tuesday,True,ESE,66.0,False,Low,False,64.2
2026-07-07 19:00:00,63.3,87,0.0,2.8,119,100,24.0,23.1,16.0,0.25,2026-07-03 15:52:57.553645+00:00,44.4759,-73.2121,-14400,GMT-4,2026-07-07,19,Tuesday,True,ESE,40.0,False,Low,False,63.3
2026-07-07 20:00:00,62.8,86,0.0,3.1,159,100,12.0,28.6,7.0,0.1,2026-07-03 15:52:57.553645+00:00,44.4759,-73.2121,-14400,GMT-4,2026-07-07,20,Tuesday,True,SSE,19.0,False,Low,False,62.8
2026-07-07 21:00:00,62.2,86,0.0,3.6,150,100,1.0,0.0,1.0,0.0,2026-07-03 15:52:57.553645+00:00,44.4759,-73.2121,-14400,GMT-4,2026-07-07,21,Tuesday,False,SSE,2.0,False,Low,False,62.2
2026-07-07 22:00:00,62.1,85,0.0,2.4,146,100,0.0,0.0,0.0,0.0,2026-07-03 15:52:57.553645+00:00,44.4759,-73.2121,-14400,GMT-4,2026-07-07,22,Tuesday,False,SE,0.0,False,Low,False,62.1
2026-07-07 23:00:00,61.7,86,0.0,2.9,141,100,0.0,0.0,0.0,0.0,2026-07-03 15:52:57.553645+00:00,44.4759,-73.2121,-14400,GMT-4,2026-07-07,23,Tuesday,False,SE,0.0,False,Low,False,61.7
2026-07-08 00:00:00,61.5,85,0.0,2.7,125,100,0.0,0.0,0.0,0.0,2026-07-03 15:52:57.553645+00:00,44.4759,-73.2121,-14400,GMT-4,2026-07-08,0,Wednesday,False,SE,0.0,False,Low,False,61.5
2026-07-08 01:00:00,61.3,85,0.0,2.7,138,100,0.0,0.0,0.0,0.0,2026-07-03 15:52:57.553645+00:00,44.4759,-73.2121,-14400,GMT-4,2026-07-08,1,Wednesday,False,SE,0.0,False,Low,False,61.3
2026-07-08 02:00:00,61.2,85,0.0,3.2,146,100,0.0,0.0,0.0,0.0,2026-07-03 15:52:57.553645+00:00,44.4759,-73.2121,-14400,GMT-4,2026-07-08,2,Wednesday,False,SE,0.0,False,Low,False,61.2
2026-07-08 03:00:00,60.9,85,0.0,3.2,141,100,0.0,0.0,0.0,0.0,2026-07-03 15:52:57.553645+00:00,44.4759,-73.2121,-14400,GMT-4,2026-07-08,3,Wednesday,False,SE,0.0,False,Low,False,60.9
2026-07-08 04:00:00,60.6,84,0.0,3.2,135,100,0.0,0.0,0.0,0.0,2026-07-03 15:52:57.553645+00:00,44.4759,-73.2121,-14400,GMT-4,2026-07-08,4,Wednesday,False,SE,0.0,False,Low,False,60.6
2026-07-08 05:00:00,60.8,84,0.0,3.2,135,100,0.0,0.0,0.0,0.0,2026-07-03 15:52:57.553645+00:00,44.4759,-73.2121,-14400,GMT-4,2026-07-08,5,Wednesday,False,SE,0.0,False,Low,False,60.8
2026-07-08 06:00:00,61.6,83,0.0,3.2,141,98,10.0,74.1,5.0,0.05,2026-07-03 15:52:57.553645+00:00,44.4759,-73.2121,-14400,GMT-4,2026-07-08,6,Wednesday,True,SE,15.0,False,Low,False,61.6
2026-07-08 07:00:00,62.9,82,0.0,3.2,155,95,59.0,148.6,31.0,0.4,2026-07-03 15:52:57.553645+00:00,44.4759,-73.2121,-14400,GMT-4,2026-07-08,7,Wednesday,True,SSE,90.0,False,Low,False,62.9
2026-07-08 08:00:00,64.2,81,0.0,3.5,165,94,115.0,150.0,61.0,0.85,2026-07-03 15:52:57.553645+00:00,44.4759,-73.2121,-14400,GMT-4,2026-07-08,8,Wednesday,True,SSE,176.0,False,Low,False,64.2
2026-07-08 09:00:00,65.4,80,0.0,4.3,171,98,167.0,131.3,98.0,1.35,2026-07-03 15:52:57.553645+00:00,44.4759,-73.2121,-14400,GMT-4,2026-07-08,9,Wednesday,True,S,265.0,False,Low,False,65.4
2026-07-08 10:00:00,66.7,79,0.0,5.4,178,100,218.0,117.4,139.0,1.95,2026-07-03 15:52:57.553645+00:00,44.4759,-73.2121,-14400,GMT-4,2026-07-08,10,Wednesday,True,S,357.0,False,Low,False,66.7
2026-07-08 11:00:00,68.4,77,0.0,6.0,182,100,307.0,172.7,170.0,2.85,2026-07-03 15:52:57.553645+00:00,44.4759,-73.2121,-14400,GMT-4,2026-07-08,11,Wednesday,True,S,477.0,False,Low,False,68.4
2026-07-08 12:00:00,70.8,74,0.0,6.0,193,78,502.0,380.6,168.0,4.45,2026-07-03 15:52:57.553645+00:00,44.4759,-73.2121,-14400,GMT-4,2026-07-08,12,Wednesday,True,SSW,670.0,False,Moderate,False,70.8
2026-07-08 13:00:00,73.7,71,0.0,5.8,208,48,750.0,659.6,143.0,6.35,2026-07-03 15:52:57.553645+00:00,44.4759,-73.2121,-14400,GMT-4,2026-07-08,13,Wednesday,True,SSW,893.0,False,High,False,73.7
2026-07-08 14:00:00,75.7,69,0.0,5.8,212,31,898.0,837.3,129.0,7.4,2026-07-03 15:52:57.553645+00:00,44.4759,-73.2121,-14400,GMT-4,2026-07-08,14,Wednesday,True,SSW,1027.0,True,High,False,75.7
2026-07-08 15:00:00,76.8,70,0.0,5.8,203,40,871.0,827.8,149.0,7.1,2026-07-03 15:52:57.553645+00:00,44.4759,-73.2121,-14400,GMT-4,2026-07-08,15,Wednesday,True,SSW,1020.0,False,High,False,76.8
2026-07-08 16:00:00,77.2,72,0.0,6.3,186,61,737.0,717.5,174.0,5.95,2026-07-03 15:52:57.553645+00:00,44.4759,-73.2121,-14400,GMT-4,2026-07-08,16,Wednesday,True,S,911.0,False,Moderate,False,77.2
2026-07-08 17:00:00,76.8,75,0.0,6.7,176,80,558.0,586.2,170.0,4.5,2026-07-03 15:52:57.553645+00:00,44.4759,-73.2121,-14400,GMT-4,2026-07-08,17,Wednesday,True,S,728.0,False,Moderate,False,76.8
2026-07-08 18:00:00,75.6,78,0.0,6.3,174,90,358.0,443.1,131.0,2.9,2026-07-03 15:52:57.553645+00:00,44.4759,-73.2121,-14400,GMT-4,2026-07-08,18,Wednesday,True,S,489.0,False,Low,False,75.6
2026-07-08 19:00:00,73.6,81,0.0,5.4,173,96,180.0,283.4,82.0,1.5,2026-07-03 15:52:57.553645+00:00,44.4759,-73.2121,-14400,GMT-4,2026-07-08,19,Wednesday,True,S,262.0,False,Low,False,73.6
2026-07-08 20:00:00,71.6,84,0.0,5.0,172,100,68.0,178.2,37.0,0.55,2026-07-03 15:52:57.553645+00:00,44.4759,-73.2121,-14400,GMT-4,2026-07-08,20,Wednesday,True,S,105.0,False,Low,False,71.6
2026-07-08 21:00:00,69.6,86,0.0,5.3,165,100,8.0,66.2,4.0,0.05,2026-07-03 15:52:57.553645+00:00,44.4759,-73.2121,-14400,GMT-4,2026-07-08,21,Wednesday,False,SSE,12.0,False,Low,False,69.6
2026-07-08 22:00:00,67.7,88,0.0,6.2,161,97,0.0,0.0,0.0,0.0,2026-07-03 15:52:57.553645+00:00,44.4759,-73.2121,-14400,GMT-4,2026-07-08,22,Wednesday,False,SSE,0.0,False,Low,False,67.7
2026-07-08 23:00:00,66.4,89,0.0,6.8,157,94,0.0,0.0,0.0,0.0,2026-07-03 15:52:57.553645+00:00,44.4759,-73.2121,-14400,GMT-4,2026-07-08,23,Wednesday,False,SSE,0.0,False,Low,False,66.4
2026-07-09 00:00:00,66.2,89,0.0,7.1,156,92,0.0,0.0,0.0,0.0,2026-07-03 15:52:57.553645+00:00,44.4759,-73.2121,-14400,GMT-4,2026-07-09,0,Thursday,False,SSE,0.0,False,Low,False,66.2
2026-07-09 01:00:00,66.7,89,0.0,7.1,156,89,0.0,0.0,0.0,0.0,2026-07-03 15:52:57.553645+00:00,44.4759,-73.2121,-14400,GMT-4,2026-07-09,1,Thursday,False,SSE,0.0,False,Low,False,66.7
2026-07-09 02:00:00,66.9,90,0.0,7.0,158,89,0.0,0.0,0.0,0.0,2026-07-03 15:52:57.553645+00:00,44.4759,-73.2121,-14400,GMT-4,2026-07-09,2,Thursday,False,SSE,0.0,False,Low,False,66.9
2026-07-09 03:00:00,66.7,92,0.004,6.7,160,92,0.0,0.0,0.0,0.0,2026-07-03 15:52:57.553645+00:00,44.4759,-73.2121,-14400,GMT-4,2026-07-09,3,Thursday,False,SSE,0.0,False,Low,True,66.7
2026-07-09 04:00:00,66.2,94,0.004,6.3,163,97,0.0,0.0,0.0,0.0,2026-07-03 15:52:57.553645+00:00,44.4759,-73.2121,-14400,GMT-4,2026-07-09,4,Thursday,False,SSE,0.0,False,Low,True,66.2
2026-07-09 05:00:00,66.2,96,0.004,6.2,167,100,0.0,0.0,0.0,0.0,2026-07-03 15:52:57.553645+00:00,44.4759,-73.2121,-14400,GMT-4,2026-07-09,5,Thursday,False,SSE,0.0,False,Low,True,66.2
2026-07-09 06:00:00,66.8,96,0.0,6.4,170,100,18.0,135.2,9.0,0.1,2026-07-03 15:52:57.553645+00:00,44.4759,-73.2121,-14400,GMT-4,2026-07-09,6,Thursday,True,S,27.0,False,Low,False,66.8
2026-07-09 07:00:00,68.0,96,0.0,6.5,172,100,107.0,289.5,53.0,0.65,2026-07-03 15:52:57.553645+00:00,44.4759,-73.2121,-14400,GMT-4,2026-07-09,7,Thursday,True,S,160.0,False,Low,False,68.0
2026-07-09 08:00:00,69.8,93,0.0,6.9,176,99,213.0,307.0,103.0,1.3,2026-07-03 15:52:57.553645+00:00,44.4759,-73.2121,-14400,GMT-4,2026-07-09,8,Thursday,True,S,316.0,False,Low,False,69.8
2026-07-09 09:00:00,72.9,86,0.0,7.7,187,99,347.0,370.3,153.0,2.3,2026-07-03 15:52:57.553645+00:00,44.4759,-73.2121,-14400,GMT-4,2026-07-09,9,Thursday,True,S,500.0,False,Low,False,72.9
2026-07-09 10:00:00,76.6,78,0.0,8.9,198,100,509.0,457.0,202.0,3.7,2026-07-03 15:52:57.553645+00:00,44.4759,-73.2121,-14400,GMT-4,2026-07-09,10,Thursday,True,SSW,711.0,False,Moderate,False,76.6
2026-07-09 11:00:00,79.7,71,0.0,9.3,201,100,663.0,536.5,238.0,5.1,2026-07-03 15:52:57.553645+00:00,44.4759,-73.2121,-14400,GMT-4,2026-07-09,11,Thursday,True,SSW,901.0,False,Moderate,False,79.7
2026-07-09 12:00:00,82.0,67,0.004,7.8,198,98,798.0,626.3,249.0,6.35,2026-07-03 15:52:57.553645+00:00,44.4759,-73.2121,-14400,GMT-4,2026-07-09,12,Thursday,True,SSW,1047.0,False,High,True,85.8
2026-07-09 13:00:00,83.8,65,0.004,5.4,185,95,889.0,708.1,238.0,7.3,2026-07-03 15:52:57.553645+00:00,44.4759,-73.2121,-14400,GMT-4,2026-07-09,13,Thursday,True,S,1127.0,False,High,True,88.6
2026-07-09 14:00:00,84.4,65,0.004,4.3,168,93,862.0,706.2,214.0,7.25,2026-07-03 15:52:57.553645+00:00,44.4759,-73.2121,-14400,GMT-4,2026-07-09,14,Thursday,True,SSE,1076.0,False,High,True,89.7
2026-07-09 15:00:00,83.4,66,0.0,5.0,167,95,662.0,548.5,184.0,5.8,2026-07-03 15:52:57.553645+00:00,44.4759,-73.2121,-14400,GMT-4,2026-07-09,15,Thursday,True,SSE,846.0,False,Moderate,False,88.1
2026-07-09 16:00:00,81.3,68,0.0,6.5,174,98,387.0,306.1,147.0,3.7,2026-07-03 15:52:57.553645+00:00,44.4759,-73.2121,-14400,GMT-4,2026-07-09,16,Thursday,True,S,534.0,False,Moderate,False,84.8
2026-07-09 17:00:00,79.2,72,0.0,6.7,178,100,185.0,119.5,106.0,2.0,2026-07-03 15:52:57.553645+00:00,44.4759,-73.2121,-14400,GMT-4,2026-07-09,17,Thursday,True,S,291.0,False,Low,False,79.2
2026-07-09 18:00:00,77.2,78,0.004,4.5,177,100,84.0,45.0,61.0,1.05,2026-07-03 15:52:57.553645+00:00,44.4759,-73.2121,-14400,GMT-4,2026-07-09,18,Thursday,True,S,145.0,False,Low,True,77.2
2026-07-09 19:00:00,75.1,85,0.004,0.9,166,100,34.0,23.2,26.0,0.5,2026-07-03 15:52:57.553645+00:00,44.4759,-73.2121,-14400,GMT-4,2026-07-09,19,Thursday,True,SSE,60.0,False,Low,True,75.1
2026-07-09 20:00:00,73.0,91,0.004,1.4,9,100,13.0,23.1,9.0,0.15,2026-07-03 15:52:57.553645+00:00,44.4759,-73.2121,-14400,GMT-4,2026-07-09,20,Thursday,True,N,22.0,False,Low,True,73.0
2026-07-09 21:00:00,70.9,94,0.039,1.2,22,100,3.0,16.7,2.0,0.0,2026-07-03 15:52:57.553645+00:00,44.4759,-73.2121,-14400,GMT-4,2026-07-09,21,Thursday,False,NNE,5.0,False,Low,True,70.9
2026-07-09 22:00:00,68.8,96,0.039,0.8,124,100,0.0,0.0,0.0,0.0,2026-07-03 15:52:57.553645+00:00,44.4759,-73.2121,-14400,GMT-4,2026-07-09,22,Thursday,False,SE,0.0,False,Low,True,68.8
2026-07-09 23:00:00,67.3,97,0.039,2.1,148,100,0.0,0.0,0.0,0.0,2026-07-03 15:52:57.553645+00:00,44.4759,-73.2121,-14400,GMT-4,2026-07-09,23,Thursday,False,SSE,0.0,False,Low,True,67.3
